id;id_simulacion;id_usuario (opcional);data_set;data_name;value;id_user_creacion;fecha_creacion;group_id
183;79019;15172;general-loan-data;line_of_credit;3;3;29/09/2023;DG1IX72NN95IV
184;79019;15172;general-loan-data;type_of_loan;H;3;29/09/2023;DG1IX72NN95IV
185;79019;15172;general-loan-data;id_loan_request;79019;3;29/09/2023;DG1IX72NN95IV
186;79019;15172;general-loan-data;original_amount;$ 221.000.000,00;3;29/09/2023;DG1IX72NN95IV
187;79019;15172;general-loan-data;pct_interest_rate;0,305971629;3;29/09/2023;DG1IX72NN95IV
188;79019;15172;general-loan-data;loan_to_value_ratio;0,557781094;3;29/09/2023;DG1IX72NN95IV
189;79019;15172;general-loan-data;amortization_schedule;1;3;29/09/2023;DG1IX72NN95IV
190;79019;15172;general-loan-data;payment_frequency;30;3;29/09/2023;DG1IX72NN95IV
191;79019;15172;general-loan-data;value_monthly_payments;$ 5.747.586,00;3;29/09/2023;DG1IX72NN95IV
192;79019;15172;general-loan-data;loan_duration;90;3;29/09/2023;DG1IX72NN95IV
193;79019;15172;general-loan-data;no_debtors;2;3;29/09/2023;DG1IX72NN95IV
194;79019;15172;other-loan-data;use_of_funds;purchase of a vehicle;3;29/09/2023;DG1IX72NN95IV
195;79019;15172;other-loan-data;advance_value;0;3;29/09/2023;DG1IX72NN95IV
196;79019;15172;other-loan-data;advance_use_of_funds;;3;29/09/2023;DG1IX72NN95IV
197;79019;15172;loan-scores;id_advisor;7603;3;29/09/2023;DG1IX72NN95IV
198;79019;15172;loan-scores;beauty_score;8;3;29/09/2023;DG1IX72NN95IV
199;79019;15172;loan-scores;cleaness_score;9;3;29/09/2023;DG1IX72NN95IV
200;79019;15172;loan-scores;advisor_score;9;3;29/09/2023;DG1IX72NN95IV
201;79019;15172;loan-scores;id_analist;6353;3;29/09/2023;DG1IX72NN95IV
202;79019;15172;loan-scores;analist_score;4;3;29/09/2023;DG1IX72NN95IV
203;79019;15172;loan-scores;id_inspector;0;3;29/09/2023;DG1IX72NN95IV
204;79019;15172;loan-scores;inspection_score;0;3;29/09/2023;DG1IX72NN95IV
205;79019;15172;collateral-data;id_collateral;934;3;29/09/2023;DG1IX72NN95IV
206;79019;15172;collateral-data;type_collateral;casa;3;29/09/2023;DG1IX72NN95IV
207;79019;15172;collateral-data;id_location_collateral;46;3;29/09/2023;DG1IX72NN95IV
208;79019;15172;collateral-data;location_collateral;apulo;3;29/09/2023;DG1IX72NN95IV
209;79019;15172;collateral-data;collateral_identification_number;166-61184;3;29/09/2023;DG1IX72NN95IV
210;79019;15172;collateral-data;collateral_purchase_date;10/08/2021;3;29/09/2023;DG1IX72NN95IV
211;79019;15172;collateral-data;collateral_tax_value;$ 503.000,00;3;29/09/2023;DG1IX72NN95IV
212;79019;15172;collateral-data;collateral_commercial_value;$ 396.212.784,00;3;29/09/2023;DG1IX72NN95IV
213;79019;15172;collateral-data;collateral_tax_to_value_ratio;0,0013;3;29/09/2023;DG1IX72NN95IV
214;79019;15172;collateral-data;collateral_area;415;3;29/09/2023;DG1IX72NN95IV
215;79019;15172;collateral-data;collateral_condominium_status;no;3;29/09/2023;DG1IX72NN95IV
216;79019;15172;collateral-data;collateral_tax_status;current;3;29/09/2023;DG1IX72NN95IV
217;79019;15172;collateral-data;collateral_tax_delinquency_value;0;3;29/09/2023;DG1IX72NN95IV
218;79019;15172;collateral-data;collateral_tax_no_delinquency_payments;0;3;29/09/2023;DG1IX72NN95IV
219;79019;15172;collateral-data;collateral_admin_status;current;3;29/09/2023;DG1IX72NN95IV
220;79019;15172;collateral-data;collateral_admin_delinquency_value;0;3;29/09/2023;DG1IX72NN95IV
221;79019;15172;collateral-data;collateral_admin_no_delinquency_payments;0;3;29/09/2023;DG1IX72NN95IV
222;79019;15172;collateral-taxes;tax_record_result;found;3;29/09/2023;DG1IX72NN95IV
223;79019;15172;collateral-taxes;tax_record_no_records;1;3;29/09/2023;DG1IX72NN95IV
224;79019;15172;collateral-taxes;tax_record_status;delinquent;3;29/09/2023;DG1IX72NN95IV
225;79019;15172;collateral-taxes;tax_record_delinquency_value;0;3;29/09/2023;DG1IX72NN95IV
226;79019;15172;collateral-taxes;tax_record_no_delinquency_payments;1;3;29/09/2023;DG1IX72NN95IV
227;79019;15172;collateral-taxes;tax_record_validation;inconsistent;3;29/09/2023;DG1IX72NN95IV
228;79019;15172;collateral-taxes;table data_tax_record;;3;29/09/2023;DG1IX72NN95IV
229;79019;15172;personal-data;id_user;15172;3;29/09/2023;DG1IX72NN95IV
230;79019;15172;personal-data;id_type_debtor;1;3;29/09/2023;DG1IX72NN95IV
231;79019;15172;personal-data;debtor_full_name;christian camilo monroy camacho;3;29/09/2023;DG1IX72NN95IV
232;79019;15172;personal-data;debtor_age;40;3;29/09/2023;DG1IX72NN95IV
233;79019;15172;personal-data;debtor_gender;male;3;29/09/2023;DG1IX72NN95IV
234;79019;15172;personal-data;debtor_type_dni;cc;3;29/09/2023;DG1IX72NN95IV
235;79019;15172;personal-data;debtor_dni;80099065;3;29/09/2023;DG1IX72NN95IV
236;79019;15172;personal-data;id_debtor_nacionality;43;3;29/09/2023;DG1IX72NN95IV
237;79019;15172;personal-data;id_debtor_country_residence;52;3;29/09/2023;DG1IX72NN95IV
238;79019;15172;personal-data;id_debtor_dept_residence;11;3;29/09/2023;DG1IX72NN95IV
239;79019;15172;personal-data;id_debtor_mun_residence;107;3;29/09/2023;DG1IX72NN95IV
240;79019;15172;personal-data;debtor_date_birth;4/05/1983;3;29/09/2023;DG1IX72NN95IV
241;79019;15172;personal-data;debtor_marital_status;single;3;29/09/2023;DG1IX72NN95IV
242;79019;15172;personal-data;debtor_social_stratum;3;3;29/09/2023;DG1IX72NN95IV
243;79019;15172;personal-data;debtor_level_of_education;7;3;29/09/2023;DG1IX72NN95IV
244;79019;15172;personal-data;debtor_no_dependants;0;3;29/09/2023;DG1IX72NN95IV
245;79019;15172;personal-data;debtor_file_tax_reports;yes;3;29/09/2023;DG1IX72NN95IV
246;79019;15172;personal-data;debtor_tenure_at_curr_address;40;3;29/09/2023;DG1IX72NN95IV
247;79019;15172;personal-data;debtor_abroad_residence;no;3;29/09/2023;DG1IX72NN95IV
248;79019;15172;personal-data;debtor_reports_credit_agency;no;3;29/09/2023;DG1IX72NN95IV
249;79019;15172;personal-data;debtor_reports_credit_agency_party;;3;29/09/2023;DG1IX72NN95IV
250;79019;15172;personal-data;debtor_reports_credit_agency_party_other;;3;29/09/2023;DG1IX72NN95IV
251;79019;15172;labour-data;debtor_employment_status;self-employed;3;29/09/2023;DG1IX72NN95IV
252;79019;15172;labour-data;id_debtor_range_of_income;15;3;29/09/2023;DG1IX72NN95IV
253;79019;15172;labour-data;payroll_frequency;30;3;29/09/2023;DG1IX72NN95IV
254;79019;15172;labour-data;id_debtor_bank;17;3;29/09/2023;DG1IX72NN95IV
255;79019;15172;labour-data;id_debtor_occupation;48;3;29/09/2023;DG1IX72NN95IV
256;79019;15172;labour-data;debtor_occupation;profesionales en politicas de administracion;3;29/09/2023;DG1IX72NN95IV
257;79019;15172;labour-data;id_debtor_position;0;3;29/09/2023;DG1IX72NN95IV
258;79019;15172;labour-data;debtor_position;0;3;29/09/2023;DG1IX72NN95IV
259;79019;15172;labour-data;debtor_business_type;;3;29/09/2023;DG1IX72NN95IV
260;79019;15172;labour-data;debtor_business_name;;3;29/09/2023;DG1IX72NN95IV
261;79019;15172;labour-data;debtor_business_date_admission;;3;29/09/2023;DG1IX72NN95IV
262;79019;15172;labour-data;debtor_duration_of_curr_employment;0;3;29/09/2023;DG1IX72NN95IV
263;79019;15172;labour-data;debtor_years_experience;20;3;29/09/2023;DG1IX72NN95IV
264;79019;15172;labour-data;id_debtor_business_activity;21;3;29/09/2023;DG1IX72NN95IV
265;79019;15172;labour-data;debtor_business_activity;transporte, vehículos y partes ;3;29/09/2023;DG1IX72NN95IV
266;79019;15172;labour-data;debtor_business_phone;;3;29/09/2023;DG1IX72NN95IV
267;79019;15172;labour-data;debtor_type_of_employment_contract;no-contract;3;29/09/2023;DG1IX72NN95IV
268;79019;15172;labour-data;debtor_business_registration;no;3;29/09/2023;DG1IX72NN95IV
269;79019;15172;labour-data;debtor_business_tin;;3;29/09/2023;DG1IX72NN95IV
270;79019;15172;labour-data;id_debtor_other_income;0;3;29/09/2023;DG1IX72NN95IV
271;79019;15172;labour-data;table data_centrales_riesgo_obligaciones;;3;29/09/2023;DG1IX72NN95IV
272;79019;15172;credit-bureau-data;report_result;found;3;29/09/2023;DG1IX72NN95IV
273;79019;15172;credit-bureau-data;report_checkid;2,10E+19;3;29/09/2023;DG1IX72NN95IV
274;79019;15172;credit-bureau-data;report_date;26/09/2023 15:08;3;29/09/2023;DG1IX72NN95IV
275;79019;15172;credit-bureau-data;debtor_credit_agency;transunion;3;29/09/2023;DG1IX72NN95IV
276;79019;15172;credit-bureau-data;debtor_credit_score;594;3;29/09/2023;DG1IX72NN95IV
277;79019;15172;credit-bureau-data;debtor_default_loans;1;3;29/09/2023;DG1IX72NN95IV
278;79019;15172;credit-bureau-data;debtor_credit_agency_min_probable_income;17109400;3;29/09/2023;DG1IX72NN95IV
279;79019;15172;credit-bureau-data;debtor_payment_capacity;4806759;3;29/09/2023;DG1IX72NN95IV
280;79019;15172;credit-bureau-data;debtor_current_loan_value;144629;3;29/09/2023;DG1IX72NN95IV
281;79019;15172;credit-bureau-data;debtor_current_no_loans;15;3;29/09/2023;DG1IX72NN95IV
282;79019;15172;credit-bureau-data;debtor_current_total_payment;6713;3;29/09/2023;DG1IX72NN95IV
283;79019;15172;credit-bureau-data;debtor_current_delinquency_value;4177;3;29/09/2023;DG1IX72NN95IV
284;79019;15172;credit-bureau-data;debtor_current_no_loans_w_bad_reports;2;3;29/09/2023;DG1IX72NN95IV
285;79019;15172;credit-bureau-data;debtor_total_loan_value;257279;3;29/09/2023;DG1IX72NN95IV
286;79019;15172;credit-bureau-data;debtor_total_no_loans;20;3;29/09/2023;DG1IX72NN95IV
287;79019;15172;credit-bureau-data;debtor_total_highest_loan_value;26/06/2049 0:00;3;29/09/2023;DG1IX72NN95IV
288;79019;15172;credit-bureau-data;debtor_total_no_bad_reports;9;3;29/09/2023;DG1IX72NN95IV
289;79019;15172;credit-bureau-data;debtor_total_max_bad_reports;7;3;29/09/2023;DG1IX72NN95IV
290;79019;15172;credit-bureau-data;debtor_total_no_loans_w_bad_reports;2;3;29/09/2023;DG1IX72NN95IV
291;79019;15172;credit-bureau-data;debtor_total_no_similar_loans;0;3;29/09/2023;DG1IX72NN95IV
292;79019;15172;credit-bureau-data;debtor_closed_loan_value;111400;3;29/09/2023;DG1IX72NN95IV
293;79019;15172;credit-bureau-data;debtor_closed_no_loans;10;3;29/09/2023;DG1IX72NN95IV
294;79019;15172;credit-bureau-data;debtor_closed_highest_loan_value;50000;3;29/09/2023;DG1IX72NN95IV
295;79019;15172;credit-bureau-data;debtor_closed_no_bad_reports;0;3;29/09/2023;DG1IX72NN95IV
296;79019;15172;credit-bureau-data;debtor_closed_max_bad_reports;0;3;29/09/2023;DG1IX72NN95IV
297;79019;15172;credit-bureau-data;debtor_closed_no_loans_w_bad_reports;0;3;29/09/2023;DG1IX72NN95IV
298;79019;15172;credit-bureau-data;debtor_closed_no_similar_loans;0;3;29/09/2023;DG1IX72NN95IV
299;79019;15172;credit-bureau-data;debtor_current_highest_loan_value;54600;3;29/09/2023;DG1IX72NN95IV
300;79019;15172;credit-bureau-data;debtor_current_no_bad_reports;9;3;29/09/2023;DG1IX72NN95IV
301;79019;15172;credit-bureau-data;debtor_current_max_bad_reports;7;3;29/09/2023;DG1IX72NN95IV
302;79019;15172;credit-bureau-data;debtor_current_no_loans_w_bad_reports;2;3;29/09/2023;DG1IX72NN95IV
303;79019;15172;credit-bureau-data;debtor_current_no_similar_loans;0;3;29/09/2023;DG1IX72NN95IV
304;79019;15172;credit-bureau-data;debtor_current_no_tcr;6;3;29/09/2023;DG1IX72NN95IV
305;79019;15172;credit-bureau-data;debtor_current_tcr_initial_limit;66215;3;29/09/2023;DG1IX72NN95IV
306;79019;15172;credit-bureau-data;debtor_current_tcr_value;66218;3;29/09/2023;DG1IX72NN95IV
307;79019;15172;credit-bureau-data;debtor_current_tcr_usage;1,000045307;3;29/09/2023;DG1IX72NN95IV
308;79019;15172;credit-bureau-data;table query_cr_obligaciones_1;;3;29/09/2023;DG1IX72NN95IV
309;79019;15172;credit-bureau-data;table query_cr_obligaciones_2;;3;29/09/2023;DG1IX72NN95IV
310;79019;15172;credit-bureau-data;table data_centrales_riesgo_obligaciones;;3;29/09/2023;DG1IX72NN95IV
311;79019;15172;bank-statement-data;bank_statement_result;found;3;29/09/2023;DG1IX72NN95IV
312;79019;15172;bank-statement-data;id_document;212.482.124.921.250;3;29/09/2023;DG1IX72NN95IV
313;79019;15172;bank-statement-data;bank_account_validation;1,1,1;3;29/09/2023;DG1IX72NN95IV
314;79019;15172;bank-statement-data;bank_statement_no_days;92;3;29/09/2023;DG1IX72NN95IV
315;79019;15172;bank-statement-data;bank_statement_max_days_passed;31/03/1900 0:00;3;29/09/2023;DG1IX72NN95IV
316;79019;15172;bank-statement-data;bank_no_records;145;3;29/09/2023;DG1IX72NN95IV
317;79019;15172;bank-statement-data;bank_monthly_avg_blance;2291336,213;3;29/09/2023;DG1IX72NN95IV
318;79019;15172;bank-statement-data;bank_monthly_avg_credit_value;32174650,38;3;29/09/2023;DG1IX72NN95IV
319;79019;15172;bank-statement-data;bank_monthly_avg_debit_value;31857122,34;3;29/09/2023;DG1IX72NN95IV
320;79019;15172;bank-statement-data;bank_monthly_avg_payroll_value;0;3;29/09/2023;DG1IX72NN95IV
321;79019;15172;bank-statement-data;bank_monthly_avg_no_credit_records;8,3333;3;29/09/2023;DG1IX72NN95IV
322;79019;15172;bank-statement-data;bank_monthly_avg_no_payroll_records;$ 0,00;3;29/09/2023;DG1IX72NN95IV
323;79019;15172;income-tax-return-data;tax_report_result;found;3;29/09/2023;DG1IX72NN95IV
324;79019;15172;income-tax-return-data;tax_report_year;2021;3;29/09/2023;DG1IX72NN95IV
325;79019;15172;income-tax-return-data;tax_report_total_income_value;$ 67.833.000,00;3;29/09/2023;DG1IX72NN95IV
326;79019;15172;income-tax-return-data;tax_report_total_assets_value;$ 75.897.000,00;3;29/09/2023;DG1IX72NN95IV
327;79019;15172;income-tax-return-data;tax_report_total_equity_value;$ 75.897.000,00;3;29/09/2023;DG1IX72NN95IV
328;79019;15172;income-tax-return-data;tax_report_total_debt_value;$ 0,00;3;29/09/2023;DG1IX72NN95IV
329;79019;15172;income-tax-return-data;tax_report_total_tax;$ 0,00;3;29/09/2023;DG1IX72NN95IV
330;79019;15172;income-tax-return-data;tax_report_value_to_pay;$ 0,00;3;29/09/2023;DG1IX72NN95IV
331;79019;15172;background-checks-data;public_db_result;found;3;29/09/2023;DG1IX72NN95IV
332;79019;15172;background-checks-data;public_db_check_id;CHKe9545ecbad7309a5ad7d5bc98bbfc867;3;29/09/2023;DG1IX72NN95IV
333;79019;15172;background-checks-data;public_db_check_id_date;26/09/2023 18:06;3;29/09/2023;DG1IX72NN95IV
334;79019;15172;background-checks-data;public_db_no_lawsuits;3;3;29/09/2023;DG1IX72NN95IV
335;79019;15172;background-checks-data;public_db_no_lawsuits_defendant;3;3;29/09/2023;DG1IX72NN95IV
336;79019;15172;background-checks-data;public_db_no_lawsuits_defendant_money;3;3;29/09/2023;DG1IX72NN95IV
337;79019;15172;background-checks-data;public_db_tax_responsable;no;3;29/09/2023;DG1IX72NN95IV
338;79019;15172;background-checks-data;public_db_tax_responsable_bdme;;3;29/09/2023;DG1IX72NN95IV
339;79019;15172;background-checks-data;public_db_medical_status;retirado;3;29/09/2023;DG1IX72NN95IV
340;79019;15172;background-checks-data;public_db_medical_regime;contributivo;3;29/09/2023;DG1IX72NN95IV
341;79019;15172;background-checks-data;public_db_medical_type;cotizante;3;29/09/2023;DG1IX72NN95IV
342;79019;15172;background-checks-data;public_db_pension_status;inactivo;3;29/09/2023;DG1IX72NN95IV
343;79019;15172;background-checks-data;public_db_pension_regime;pensiones: ahorro individual;3;29/09/2023;DG1IX72NN95IV
344;79019;15172;background-checks-data;public_db_ccf_status;;3;29/09/2023;DG1IX72NN95IV
345;79019;15172;background-checks-data;public_db_ccf_type;;3;29/09/2023;DG1IX72NN95IV
346;79019;15172;background-checks-data;public_db_welfare_status;;3;29/09/2023;DG1IX72NN95IV
347;79019;15172;background-checks-data;public_db_police_check_result;is_missing;3;29/09/2023;DG1IX72NN95IV
348;79019;15172;background-checks-data;public_db_check_dni;vigente;3;29/09/2023;DG1IX72NN95IV
349;79019;15172;background-checks-data;public_db_check_pedofile;error-unknown;3;29/09/2023;DG1IX72NN95IV
350;79019;15172;background-checks-data;public_db_personal_identity_score;10;3;29/09/2023;DG1IX72NN95IV
351;79019;15172;background-checks-data;public_db_criminal_record_score;10;3;29/09/2023;DG1IX72NN95IV
352;79019;15172;background-checks-data;public_db_legal_background_score;2;3;29/09/2023;DG1IX72NN95IV
353;79019;15172;background-checks-data;public_db_international_background_score;10;3;29/09/2023;DG1IX72NN95IV
354;79019;15172;background-checks-data;public_db_professional_background_score;10;3;29/09/2023;DG1IX72NN95IV
355;79019;15172;background-checks-data;public_db_affiliations_and_insurances_score;10;3;29/09/2023;DG1IX72NN95IV
356;79019;15172;background-checks-data;public_db_alert_in_media_score;10;3;29/09/2023;DG1IX72NN95IV
357;79019;15172;background-checks-data;public_db_taxes_and_finances_score;10;3;29/09/2023;DG1IX72NN95IV
358;79019;15172;background-checks-data;table data_proceso_judicial;;3;29/09/2023;DG1IX72NN95IV
359;79019;15172;snr-data;snr_result;found;3;29/09/2023;DG1IX72NN95IV
360;79019;15172;snr-data;snr_check_id;F20230926161151U15172S79019;3;29/09/2023;DG1IX72NN95IV
361;79019;15172;snr-data;snr_check_id_date;26/09/2023 16:11;3;29/09/2023;DG1IX72NN95IV
362;79019;15172;snr-data;snr_no_records;3;3;29/09/2023;DG1IX72NN95IV
363;79019;15172;snr-data;snr_no_unique_id_number;3;3;29/09/2023;DG1IX72NN95IV
364;79019;15172;snr-data;snr_estimated_unique_properties;3;3;29/09/2023;DG1IX72NN95IV
365;79019;16147;personal-data;id_user;16147;3;29/09/2023;DG1IX72NN95IV
366;79019;16147;personal-data;id_type_debtor;2;3;29/09/2023;DG1IX72NN95IV
367;79019;16147;personal-data;debtor_full_name;luz amanda  camacho sánchez ;3;29/09/2023;DG1IX72NN95IV
368;79019;16147;personal-data;debtor_age;57;3;29/09/2023;DG1IX72NN95IV
369;79019;16147;personal-data;debtor_gender;female;3;29/09/2023;DG1IX72NN95IV
370;79019;16147;personal-data;debtor_type_dni;cc;3;29/09/2023;DG1IX72NN95IV
371;79019;16147;personal-data;debtor_dni;51816415;3;29/09/2023;DG1IX72NN95IV
372;79019;16147;personal-data;id_debtor_nacionality;43;3;29/09/2023;DG1IX72NN95IV
373;79019;16147;personal-data;id_debtor_country_residence;52;3;29/09/2023;DG1IX72NN95IV
374;79019;16147;personal-data;id_debtor_dept_residence;11;3;29/09/2023;DG1IX72NN95IV
375;79019;16147;personal-data;id_debtor_mun_residence;107;3;29/09/2023;DG1IX72NN95IV
376;79019;16147;personal-data;debtor_date_birth;7/10/1965;3;29/09/2023;DG1IX72NN95IV
377;79019;16147;personal-data;debtor_marital_status;single;3;29/09/2023;DG1IX72NN95IV
378;79019;16147;personal-data;debtor_social_stratum;4;3;29/09/2023;DG1IX72NN95IV
379;79019;16147;personal-data;debtor_level_of_education;6;3;29/09/2023;DG1IX72NN95IV
380;79019;16147;personal-data;debtor_no_dependants;3;3;29/09/2023;DG1IX72NN95IV
381;79019;16147;personal-data;debtor_file_tax_reports;yes;3;29/09/2023;DG1IX72NN95IV
382;79019;16147;personal-data;debtor_tenure_at_curr_address;3;3;29/09/2023;DG1IX72NN95IV
383;79019;16147;personal-data;debtor_abroad_residence;no;3;29/09/2023;DG1IX72NN95IV
384;79019;16147;personal-data;debtor_reports_credit_agency;yes;3;29/09/2023;DG1IX72NN95IV
385;79019;16147;personal-data;debtor_reports_credit_agency_party;bancos o financieras;3;29/09/2023;DG1IX72NN95IV
386;79019;16147;personal-data;debtor_reports_credit_agency_party_other;;3;29/09/2023;DG1IX72NN95IV
387;79019;16147;labour-data;debtor_employment_status;self-employed;3;29/09/2023;DG1IX72NN95IV
388;79019;16147;labour-data;id_debtor_range_of_income;13;3;29/09/2023;DG1IX72NN95IV
389;79019;16147;labour-data;payroll_frequency;30;3;29/09/2023;DG1IX72NN95IV
390;79019;16147;labour-data;id_debtor_bank;17;3;29/09/2023;DG1IX72NN95IV
391;79019;16147;labour-data;id_debtor_occupation;14;3;29/09/2023;DG1IX72NN95IV
392;79019;16147;labour-data;debtor_occupation;consultor (a);3;29/09/2023;DG1IX72NN95IV
393;79019;16147;labour-data;id_debtor_position;0;3;29/09/2023;DG1IX72NN95IV
394;79019;16147;labour-data;debtor_position;0;3;29/09/2023;DG1IX72NN95IV
395;79019;16147;labour-data;debtor_business_type;;3;29/09/2023;DG1IX72NN95IV
396;79019;16147;labour-data;debtor_business_name;;3;29/09/2023;DG1IX72NN95IV
397;79019;16147;labour-data;debtor_business_date_admission;;3;29/09/2023;DG1IX72NN95IV
398;79019;16147;labour-data;debtor_duration_of_curr_employment;0;3;29/09/2023;DG1IX72NN95IV
399;79019;16147;labour-data;debtor_years_experience;1;3;29/09/2023;DG1IX72NN95IV
400;79019;16147;labour-data;id_debtor_business_activity;4;3;29/09/2023;DG1IX72NN95IV
401;79019;16147;labour-data;debtor_business_activity;consultorías - asesorías ;3;29/09/2023;DG1IX72NN95IV
402;79019;16147;labour-data;debtor_business_phone;;3;29/09/2023;DG1IX72NN95IV
403;79019;16147;labour-data;debtor_type_of_employment_contract;no-contract;3;29/09/2023;DG1IX72NN95IV
404;79019;16147;labour-data;debtor_business_registration;no;3;29/09/2023;DG1IX72NN95IV
405;79019;16147;labour-data;debtor_business_tin;;3;29/09/2023;DG1IX72NN95IV
406;79019;16147;labour-data;id_debtor_other_income;0;3;29/09/2023;DG1IX72NN95IV
407;79019;16147;labour-data;table data_centrales_riesgo_obligaciones;;3;29/09/2023;DG1IX72NN95IV
408;79019;16147;credit-bureau-data;report_result;found;3;29/09/2023;DG1IX72NN95IV
409;79019;16147;credit-bureau-data;report_checkid;2,10E+19;3;29/09/2023;DG1IX72NN95IV
410;79019;16147;credit-bureau-data;report_date;26/09/2023 15:10;3;29/09/2023;DG1IX72NN95IV
411;79019;16147;credit-bureau-data;debtor_credit_agency;transunion;3;29/09/2023;DG1IX72NN95IV
412;79019;16147;credit-bureau-data;debtor_credit_score;251;3;29/09/2023;DG1IX72NN95IV
413;79019;16147;credit-bureau-data;debtor_default_loans;0;3;29/09/2023;DG1IX72NN95IV
414;79019;16147;credit-bureau-data;debtor_credit_agency_min_probable_income;;3;29/09/2023;DG1IX72NN95IV
415;79019;16147;credit-bureau-data;debtor_payment_capacity;;3;29/09/2023;DG1IX72NN95IV
416;79019;16147;credit-bureau-data;debtor_current_loan_value;312322;3;29/09/2023;DG1IX72NN95IV
417;79019;16147;credit-bureau-data;debtor_current_no_loans;8;3;29/09/2023;DG1IX72NN95IV
418;79019;16147;credit-bureau-data;debtor_current_total_payment;7079;3;29/09/2023;DG1IX72NN95IV
419;79019;16147;credit-bureau-data;debtor_current_delinquency_value;24034;3;29/09/2023;DG1IX72NN95IV
420;79019;16147;credit-bureau-data;debtor_current_no_loans_w_bad_reports;3;3;29/09/2023;DG1IX72NN95IV
421;79019;16147;credit-bureau-data;debtor_total_loan_value;776122;3;29/09/2023;DG1IX72NN95IV
422;79019;16147;credit-bureau-data;debtor_total_no_loans;18;3;29/09/2023;DG1IX72NN95IV
423;79019;16147;credit-bureau-data;debtor_total_highest_loan_value;249331;3;29/09/2023;DG1IX72NN95IV
424;79019;16147;credit-bureau-data;debtor_total_no_bad_reports;12;3;29/09/2023;DG1IX72NN95IV
425;79019;16147;credit-bureau-data;debtor_total_max_bad_reports;4;3;29/09/2023;DG1IX72NN95IV
426;79019;16147;credit-bureau-data;debtor_total_no_loans_w_bad_reports;3;3;29/09/2023;DG1IX72NN95IV
427;79019;16147;credit-bureau-data;debtor_total_no_similar_loans;2;3;29/09/2023;DG1IX72NN95IV
428;79019;16147;credit-bureau-data;debtor_closed_loan_value;441760;3;29/09/2023;DG1IX72NN95IV
429;79019;16147;credit-bureau-data;debtor_closed_no_loans;13;3;29/09/2023;DG1IX72NN95IV
430;79019;16147;credit-bureau-data;debtor_closed_highest_loan_value;200067;3;29/09/2023;DG1IX72NN95IV
431;79019;16147;credit-bureau-data;debtor_closed_no_bad_reports;0;3;29/09/2023;DG1IX72NN95IV
432;79019;16147;credit-bureau-data;debtor_closed_max_bad_reports;0;3;29/09/2023;DG1IX72NN95IV
433;79019;16147;credit-bureau-data;debtor_closed_no_loans_w_bad_reports;0;3;29/09/2023;DG1IX72NN95IV
434;79019;16147;credit-bureau-data;debtor_closed_no_similar_loans;1;3;29/09/2023;DG1IX72NN95IV
435;79019;16147;credit-bureau-data;debtor_current_highest_loan_value;249331;3;29/09/2023;DG1IX72NN95IV
436;79019;16147;credit-bureau-data;debtor_current_no_bad_reports;12;3;29/09/2023;DG1IX72NN95IV
437;79019;16147;credit-bureau-data;debtor_current_max_bad_reports;4;3;29/09/2023;DG1IX72NN95IV
438;79019;16147;credit-bureau-data;debtor_current_no_loans_w_bad_reports;3;3;29/09/2023;DG1IX72NN95IV
439;79019;16147;credit-bureau-data;debtor_current_no_similar_loans;1;3;29/09/2023;DG1IX72NN95IV
440;79019;16147;credit-bureau-data;debtor_current_no_tcr;2;3;29/09/2023;DG1IX72NN95IV
441;79019;16147;credit-bureau-data;debtor_current_tcr_initial_limit;5700;3;29/09/2023;DG1IX72NN95IV
442;79019;16147;credit-bureau-data;debtor_current_tcr_value;0;3;29/09/2023;DG1IX72NN95IV
443;79019;16147;credit-bureau-data;debtor_current_tcr_usage;0;3;29/09/2023;DG1IX72NN95IV
444;79019;16147;credit-bureau-data;table query_cr_obligaciones_1;;3;29/09/2023;DG1IX72NN95IV
445;79019;16147;credit-bureau-data;table query_cr_obligaciones_2;;3;29/09/2023;DG1IX72NN95IV
446;79019;16147;credit-bureau-data;table data_centrales_riesgo_obligaciones;;3;29/09/2023;DG1IX72NN95IV
447;79019;16147;bank-statement-data;bank_statement_result;found;3;29/09/2023;DG1IX72NN95IV
448;79019;16147;bank-statement-data;id_document;212.842.128.521.286;3;29/09/2023;DG1IX72NN95IV
449;79019;16147;bank-statement-data;bank_account_validation;1,1,1;3;29/09/2023;DG1IX72NN95IV
450;79019;16147;bank-statement-data;bank_statement_no_days;92;3;29/09/2023;DG1IX72NN95IV
451;79019;16147;bank-statement-data;bank_statement_max_days_passed;91;3;29/09/2023;DG1IX72NN95IV
452;79019;16147;bank-statement-data;bank_no_records;205;3;29/09/2023;DG1IX72NN95IV
453;79019;16147;bank-statement-data;bank_monthly_avg_blance;1352878,743;3;29/09/2023;DG1IX72NN95IV
454;79019;16147;bank-statement-data;bank_monthly_avg_credit_value;24125373,63;3;29/09/2023;DG1IX72NN95IV
455;79019;16147;bank-statement-data;bank_monthly_avg_debit_value;24407081,27;3;29/09/2023;DG1IX72NN95IV
456;79019;16147;bank-statement-data;bank_monthly_avg_payroll_value;0;3;29/09/2023;DG1IX72NN95IV
457;79019;16147;bank-statement-data;bank_monthly_avg_no_credit_records;8,6667;3;29/09/2023;DG1IX72NN95IV
458;79019;16147;bank-statement-data;bank_monthly_avg_no_payroll_records;0;3;29/09/2023;DG1IX72NN95IV
459;79019;16147;income-tax-return-data;tax_report_result;found;3;29/09/2023;DG1IX72NN95IV
460;79019;16147;income-tax-return-data;tax_report_year;2022;3;29/09/2023;DG1IX72NN95IV
461;79019;16147;income-tax-return-data;tax_report_total_income_value;536347000;3;29/09/2023;DG1IX72NN95IV
462;79019;16147;income-tax-return-data;tax_report_total_assets_value;33845000;3;29/09/2023;DG1IX72NN95IV
463;79019;16147;income-tax-return-data;tax_report_total_equity_value;0;3;29/09/2023;DG1IX72NN95IV
464;79019;16147;income-tax-return-data;tax_report_total_debt_value;301374000;3;29/09/2023;DG1IX72NN95IV
465;79019;16147;income-tax-return-data;tax_report_total_tax;58966000;3;29/09/2023;DG1IX72NN95IV
466;79019;16147;income-tax-return-data;tax_report_value_to_pay;754000;3;29/09/2023;DG1IX72NN95IV
467;79019;16147;background-checks-data;public_db_result;found;3;29/09/2023;DG1IX72NN95IV
468;79019;16147;background-checks-data;public_db_check_id;CHKa2883501c7fa1854416eed06797b8adb;3;29/09/2023;DG1IX72NN95IV
469;79019;16147;background-checks-data;public_db_check_id_date;26/09/2023 18:06;3;29/09/2023;DG1IX72NN95IV
470;79019;16147;background-checks-data;public_db_no_lawsuits;3;3;29/09/2023;DG1IX72NN95IV
471;79019;16147;background-checks-data;public_db_no_lawsuits_defendant;3;3;29/09/2023;DG1IX72NN95IV
472;79019;16147;background-checks-data;public_db_no_lawsuits_defendant_money;1;3;29/09/2023;DG1IX72NN95IV
473;79019;16147;background-checks-data;public_db_tax_responsable;no;3;29/09/2023;DG1IX72NN95IV
474;79019;16147;background-checks-data;public_db_tax_responsable_bdme;;3;29/09/2023;DG1IX72NN95IV
475;79019;16147;background-checks-data;public_db_medical_status;suspensión por mora.;3;29/09/2023;DG1IX72NN95IV
476;79019;16147;background-checks-data;public_db_medical_regime;contributivo;3;29/09/2023;DG1IX72NN95IV
477;79019;16147;background-checks-data;public_db_medical_type;cotizante;3;29/09/2023;DG1IX72NN95IV
478;79019;16147;background-checks-data;public_db_pension_status;retirado;3;29/09/2023;DG1IX72NN95IV
479;79019;16147;background-checks-data;public_db_pension_regime;pensiones: ahorro individual;3;29/09/2023;DG1IX72NN95IV
480;79019;16147;background-checks-data;public_db_ccf_status;;3;29/09/2023;DG1IX72NN95IV
481;79019;16147;background-checks-data;public_db_ccf_type;;3;29/09/2023;DG1IX72NN95IV
482;79019;16147;background-checks-data;public_db_welfare_status;;3;29/09/2023;DG1IX72NN95IV
483;79019;16147;background-checks-data;public_db_police_check_result;no presenta antecedentes;3;29/09/2023;DG1IX72NN95IV
484;79019;16147;background-checks-data;public_db_check_dni;vigente;3;29/09/2023;DG1IX72NN95IV
485;79019;16147;background-checks-data;public_db_check_pedofile;error-unknown;3;29/09/2023;DG1IX72NN95IV
486;79019;16147;background-checks-data;public_db_personal_identity_score;10;3;29/09/2023;DG1IX72NN95IV
487;79019;16147;background-checks-data;public_db_criminal_record_score;0;3;29/09/2023;DG1IX72NN95IV
488;79019;16147;background-checks-data;public_db_legal_background_score;6;3;29/09/2023;DG1IX72NN95IV
489;79019;16147;background-checks-data;public_db_international_background_score;10;3;29/09/2023;DG1IX72NN95IV
490;79019;16147;background-checks-data;public_db_professional_background_score;10;3;29/09/2023;DG1IX72NN95IV
491;79019;16147;background-checks-data;public_db_affiliations_and_insurances_score;10;3;29/09/2023;DG1IX72NN95IV
492;79019;16147;background-checks-data;public_db_alert_in_media_score;0;3;29/09/2023;DG1IX72NN95IV
493;79019;16147;background-checks-data;public_db_taxes_and_finances_score;10;3;29/09/2023;DG1IX72NN95IV
494;79019;16147;background-checks-data;table data_proceso_judicial;;3;29/09/2023;DG1IX72NN95IV
495;79019;16147;snr-data;snr_result;found;3;29/09/2023;DG1IX72NN95IV
496;79019;16147;snr-data;snr_check_id;F20230926161447U16147S79019;3;29/09/2023;DG1IX72NN95IV
497;79019;16147;snr-data;snr_check_id_date;26/09/2023 16:14;3;29/09/2023;DG1IX72NN95IV
498;79019;16147;snr-data;snr_no_records;;3;29/09/2023;DG1IX72NN95IV
499;79019;16147;snr-data;snr_no_unique_id_number;;3;29/09/2023;DG1IX72NN95IV
500;79019;16147;snr-data;snr_estimated_unique_properties;;3;29/09/2023;DG1IX72NN95IV
1773;77518;6509;general-loan-data;line_of_credit;3;3;12/10/2023;DY3ZZ70CB08WR
1774;77518;6509;general-loan-data;type_of_loan;C;3;12/10/2023;DY3ZZ70CB08WR
1775;77518;6509;general-loan-data;id_loan_request;77518;3;12/10/2023;DY3ZZ70CB08WR
1776;77518;6509;general-loan-data;original_amount;$ 117.000.000,00;3;12/10/2023;DY3ZZ70CB08WR
1777;77518;6509;general-loan-data;pct_interest_rate;0,243546835;3;12/10/2023;DY3ZZ70CB08WR
1778;77518;6509;general-loan-data;loan_to_value_ratio;0,513364938;3;12/10/2023;DY3ZZ70CB08WR
1779;77518;6509;general-loan-data;amortization_schedule;0;3;12/10/2023;DY3ZZ70CB08WR
1780;77518;6509;general-loan-data;payment_frequency;30;3;12/10/2023;DY3ZZ70CB08WR
1781;77518;6509;general-loan-data;value_monthly_payments;$ 2.144.603,00;3;12/10/2023;DY3ZZ70CB08WR
1782;77518;6509;general-loan-data;loan_duration;46;3;12/10/2023;DY3ZZ70CB08WR
1783;77518;6509;general-loan-data;no_debtors;1;3;12/10/2023;DY3ZZ70CB08WR
1784;77518;6509;other-loan-data;use_of_funds;debt restructuring;3;12/10/2023;DY3ZZ70CB08WR
1785;77518;6509;other-loan-data;advance_value;0;3;12/10/2023;DY3ZZ70CB08WR
1786;77518;6509;other-loan-data;advance_use_of_funds;;3;12/10/2023;DY3ZZ70CB08WR
1787;77518;6509;loan-scores;id_advisor;10777;3;12/10/2023;DY3ZZ70CB08WR
1788;77518;6509;loan-scores;beauty_score;8;3;12/10/2023;DY3ZZ70CB08WR
1789;77518;6509;loan-scores;cleaness_score;8;3;12/10/2023;DY3ZZ70CB08WR
1790;77518;6509;loan-scores;advisor_score;7;3;12/10/2023;DY3ZZ70CB08WR
1791;77518;6509;loan-scores;id_analist;6353;3;12/10/2023;DY3ZZ70CB08WR
1792;77518;6509;loan-scores;analist_score;6;3;12/10/2023;DY3ZZ70CB08WR
1793;77518;6509;loan-scores;id_inspector;0;3;12/10/2023;DY3ZZ70CB08WR
1794;77518;6509;loan-scores;inspection_score;0;3;12/10/2023;DY3ZZ70CB08WR
1795;77518;6509;collateral-data;id_collateral;939;3;12/10/2023;DY3ZZ70CB08WR
1796;77518;6509;collateral-data;type_collateral;apartamento;3;12/10/2023;DY3ZZ70CB08WR
1797;77518;6509;collateral-data;id_location_collateral;107;3;12/10/2023;DY3ZZ70CB08WR
1798;77518;6509;collateral-data;location_collateral;bogota d.c.;3;12/10/2023;DY3ZZ70CB08WR
1799;77518;6509;collateral-data;collateral_identification_number;50C-1618482;3;12/10/2023;DY3ZZ70CB08WR
1800;77518;6509;collateral-data;collateral_purchase_date;28/08/2017;3;12/10/2023;DY3ZZ70CB08WR
1801;77518;6509;collateral-data;collateral_tax_value;$ 175.175.000,00;3;12/10/2023;DY3ZZ70CB08WR
1802;77518;6509;collateral-data;collateral_commercial_value;$ 227.908.046,00;3;12/10/2023;DY3ZZ70CB08WR
1803;77518;6509;collateral-data;collateral_tax_to_value_ratio;0,7686;3;12/10/2023;DY3ZZ70CB08WR
1804;77518;6509;collateral-data;collateral_area;57;3;12/10/2023;DY3ZZ70CB08WR
1805;77518;6509;collateral-data;collateral_condominium_status;yes;3;12/10/2023;DY3ZZ70CB08WR
1806;77518;6509;collateral-data;collateral_tax_status;delinquent;3;12/10/2023;DY3ZZ70CB08WR
1807;77518;6509;collateral-data;collateral_tax_delinquency_value;1100000;3;12/10/2023;DY3ZZ70CB08WR
1808;77518;6509;collateral-data;collateral_tax_no_delinquency_payments;1;3;12/10/2023;DY3ZZ70CB08WR
1809;77518;6509;collateral-data;collateral_admin_status;current;3;12/10/2023;DY3ZZ70CB08WR
1810;77518;6509;collateral-data;collateral_admin_delinquency_value;0;3;12/10/2023;DY3ZZ70CB08WR
1811;77518;6509;collateral-data;collateral_admin_no_delinquency_payments;0;3;12/10/2023;DY3ZZ70CB08WR
1812;77518;6509;collateral-taxes;tax_record_result;found;3;12/10/2023;DY3ZZ70CB08WR
1813;77518;6509;collateral-taxes;tax_record_no_records;5;3;12/10/2023;DY3ZZ70CB08WR
1814;77518;6509;collateral-taxes;tax_record_status;delinquent;3;12/10/2023;DY3ZZ70CB08WR
1815;77518;6509;collateral-taxes;tax_record_delinquency_value;0;3;12/10/2023;DY3ZZ70CB08WR
1816;77518;6509;collateral-taxes;tax_record_no_delinquency_payments;1;3;12/10/2023;DY3ZZ70CB08WR
1817;77518;6509;collateral-taxes;tax_record_validation;ok;3;12/10/2023;DY3ZZ70CB08WR
1818;77518;6509;collateral-taxes;table data_tax_record;;3;12/10/2023;DY3ZZ70CB08WR
1819;77518;6509;personal-data;id_user;6509;3;12/10/2023;DY3ZZ70CB08WR
1820;77518;6509;personal-data;id_type_debtor;1;3;12/10/2023;DY3ZZ70CB08WR
1821;77518;6509;personal-data;debtor_full_name;;3;12/10/2023;DY3ZZ70CB08WR
1822;77518;6509;personal-data;debtor_age;35;3;12/10/2023;DY3ZZ70CB08WR
1823;77518;6509;personal-data;debtor_gender;female;3;12/10/2023;DY3ZZ70CB08WR
1824;77518;6509;personal-data;debtor_type_dni;cc;3;12/10/2023;DY3ZZ70CB08WR
1825;77518;6509;personal-data;debtor_dni;1019024274;3;12/10/2023;DY3ZZ70CB08WR
1826;77518;6509;personal-data;id_debtor_nacionality;43;3;12/10/2023;DY3ZZ70CB08WR
1827;77518;6509;personal-data;id_debtor_country_residence;52;3;12/10/2023;DY3ZZ70CB08WR
1828;77518;6509;personal-data;id_debtor_dept_residence;11;3;12/10/2023;DY3ZZ70CB08WR
1829;77518;6509;personal-data;id_debtor_mun_residence;107;3;12/10/2023;DY3ZZ70CB08WR
1830;77518;6509;personal-data;debtor_date_birth;21/04/1988;3;12/10/2023;DY3ZZ70CB08WR
1831;77518;6509;personal-data;debtor_marital_status;single;3;12/10/2023;DY3ZZ70CB08WR
1832;77518;6509;personal-data;debtor_social_stratum;4;3;12/10/2023;DY3ZZ70CB08WR
1833;77518;6509;personal-data;debtor_level_of_education;6;3;12/10/2023;DY3ZZ70CB08WR
1834;77518;6509;personal-data;debtor_no_dependants;0;3;12/10/2023;DY3ZZ70CB08WR
1835;77518;6509;personal-data;debtor_file_tax_reports;no;3;12/10/2023;DY3ZZ70CB08WR
1836;77518;6509;personal-data;debtor_tenure_at_curr_address;5;3;12/10/2023;DY3ZZ70CB08WR
1837;77518;6509;personal-data;debtor_abroad_residence;no;3;12/10/2023;DY3ZZ70CB08WR
1838;77518;6509;personal-data;debtor_reports_credit_agency;yes;3;12/10/2023;DY3ZZ70CB08WR
1839;77518;6509;personal-data;debtor_reports_credit_agency_party;bancos o entidades de financiamiento;3;12/10/2023;DY3ZZ70CB08WR
1840;77518;6509;personal-data;debtor_reports_credit_agency_party_other;;3;12/10/2023;DY3ZZ70CB08WR
1841;77518;6509;labour-data;debtor_employment_status;employee;3;12/10/2023;DY3ZZ70CB08WR
1842;77518;6509;labour-data;id_debtor_range_of_income;13;3;12/10/2023;DY3ZZ70CB08WR
1843;77518;6509;labour-data;payroll_frequency;30;3;12/10/2023;DY3ZZ70CB08WR
1844;77518;6509;labour-data;id_debtor_bank;4;3;12/10/2023;DY3ZZ70CB08WR
1845;77518;6509;labour-data;id_debtor_occupation;353;3;12/10/2023;DY3ZZ70CB08WR
1846;77518;6509;labour-data;debtor_occupation;otro;3;12/10/2023;DY3ZZ70CB08WR
1847;77518;6509;labour-data;id_debtor_position;6;3;12/10/2023;DY3ZZ70CB08WR
1848;77518;6509;labour-data;debtor_position;administrativo;3;12/10/2023;DY3ZZ70CB08WR
1849;77518;6509;labour-data;debtor_business_type;private;3;12/10/2023;DY3ZZ70CB08WR
1850;77518;6509;labour-data;debtor_business_name;;3;12/10/2023;DY3ZZ70CB08WR
1851;77518;6509;labour-data;debtor_business_date_admission;1/11/2021;3;12/10/2023;DY3ZZ70CB08WR
1852;77518;6509;labour-data;debtor_duration_of_curr_employment;1;3;12/10/2023;DY3ZZ70CB08WR
1853;77518;6509;labour-data;debtor_years_experience;8;3;12/10/2023;DY3ZZ70CB08WR
1854;77518;6509;labour-data;id_debtor_business_activity;5;3;12/10/2023;DY3ZZ70CB08WR
1855;77518;6509;labour-data;debtor_business_activity;comercio ;3;12/10/2023;DY3ZZ70CB08WR
1856;77518;6509;labour-data;debtor_business_phone;16195141808;3;12/10/2023;DY3ZZ70CB08WR
1857;77518;6509;labour-data;debtor_type_of_employment_contract;permanent-contract;3;12/10/2023;DY3ZZ70CB08WR
1858;77518;6509;labour-data;debtor_business_registration;;3;12/10/2023;DY3ZZ70CB08WR
1859;77518;6509;labour-data;debtor_business_tin;;3;12/10/2023;DY3ZZ70CB08WR
1860;77518;6509;labour-data;id_debtor_other_income;0;3;12/10/2023;DY3ZZ70CB08WR
1861;77518;6509;labour-data;table data_centrales_riesgo_obligaciones;;3;12/10/2023;DY3ZZ70CB08WR
1862;77518;6509;credit-bureau-data;report_result;found;3;12/10/2023;DY3ZZ70CB08WR
1863;77518;6509;credit-bureau-data;report_checkid;2,11E+19;3;12/10/2023;DY3ZZ70CB08WR
1864;77518;6509;credit-bureau-data;report_date;10/04/2023 17:54;3;12/10/2023;DY3ZZ70CB08WR
1865;77518;6509;credit-bureau-data;debtor_credit_agency;transunion;3;12/10/2023;DY3ZZ70CB08WR
1866;77518;6509;credit-bureau-data;debtor_credit_score;585;3;12/10/2023;DY3ZZ70CB08WR
1867;77518;6509;credit-bureau-data;debtor_default_loans;0;3;12/10/2023;DY3ZZ70CB08WR
1868;77518;6509;credit-bureau-data;debtor_credit_agency_min_probable_income;3409200;3;12/10/2023;DY3ZZ70CB08WR
1869;77518;6509;credit-bureau-data;debtor_payment_capacity;-647153;3;12/10/2023;DY3ZZ70CB08WR
1870;77518;6509;credit-bureau-data;debtor_current_loan_value;29727;3;12/10/2023;DY3ZZ70CB08WR
1871;77518;6509;credit-bureau-data;debtor_current_no_loans;15;3;12/10/2023;DY3ZZ70CB08WR
1872;77518;6509;credit-bureau-data;debtor_current_total_payment;5472;3;12/10/2023;DY3ZZ70CB08WR
1873;77518;6509;credit-bureau-data;debtor_current_delinquency_value;35;3;12/10/2023;DY3ZZ70CB08WR
1874;77518;6509;credit-bureau-data;debtor_current_no_loans_w_bad_reports;0;3;12/10/2023;DY3ZZ70CB08WR
1875;77518;6509;credit-bureau-data;debtor_total_loan_value;114504;3;12/10/2023;DY3ZZ70CB08WR
1876;77518;6509;credit-bureau-data;debtor_total_no_loans;65;3;12/10/2023;DY3ZZ70CB08WR
1877;77518;6509;credit-bureau-data;debtor_total_highest_loan_value;27704;3;12/10/2023;DY3ZZ70CB08WR
1878;77518;6509;credit-bureau-data;debtor_total_no_bad_reports;0;3;12/10/2023;DY3ZZ70CB08WR
1879;77518;6509;credit-bureau-data;debtor_total_max_bad_reports;0;3;12/10/2023;DY3ZZ70CB08WR
1880;77518;6509;credit-bureau-data;debtor_total_no_loans_w_bad_reports;0;3;12/10/2023;DY3ZZ70CB08WR
1881;77518;6509;credit-bureau-data;debtor_total_no_similar_loans;0;3;12/10/2023;DY3ZZ70CB08WR
1882;77518;6509;credit-bureau-data;debtor_closed_loan_value;105088;3;12/10/2023;DY3ZZ70CB08WR
1883;77518;6509;credit-bureau-data;debtor_closed_no_loans;58;3;12/10/2023;DY3ZZ70CB08WR
1884;77518;6509;credit-bureau-data;debtor_closed_highest_loan_value;27704;3;12/10/2023;DY3ZZ70CB08WR
1885;77518;6509;credit-bureau-data;debtor_closed_no_bad_reports;0;3;12/10/2023;DY3ZZ70CB08WR
1886;77518;6509;credit-bureau-data;debtor_closed_max_bad_reports;0;3;12/10/2023;DY3ZZ70CB08WR
1887;77518;6509;credit-bureau-data;debtor_closed_no_loans_w_bad_reports;0;3;12/10/2023;DY3ZZ70CB08WR
1888;77518;6509;credit-bureau-data;debtor_closed_no_similar_loans;0;3;12/10/2023;DY3ZZ70CB08WR
1889;77518;6509;credit-bureau-data;debtor_current_highest_loan_value;2000;3;12/10/2023;DY3ZZ70CB08WR
1890;77518;6509;credit-bureau-data;debtor_current_no_bad_reports;0;3;12/10/2023;DY3ZZ70CB08WR
1891;77518;6509;credit-bureau-data;debtor_current_max_bad_reports;0;3;12/10/2023;DY3ZZ70CB08WR
1892;77518;6509;credit-bureau-data;debtor_current_no_loans_w_bad_reports;0;3;12/10/2023;DY3ZZ70CB08WR
1893;77518;6509;credit-bureau-data;debtor_current_no_similar_loans;0;3;12/10/2023;DY3ZZ70CB08WR
1894;77518;6509;credit-bureau-data;debtor_current_no_tcr;4;3;12/10/2023;DY3ZZ70CB08WR
1895;77518;6509;credit-bureau-data;debtor_current_tcr_initial_limit;7166;3;12/10/2023;DY3ZZ70CB08WR
1896;77518;6509;credit-bureau-data;debtor_current_tcr_value;6293;3;12/10/2023;DY3ZZ70CB08WR
1897;77518;6509;credit-bureau-data;debtor_current_tcr_usage;0,878174714;3;12/10/2023;DY3ZZ70CB08WR
1898;77518;6509;credit-bureau-data;table query_cr_obligaciones_1;;3;12/10/2023;DY3ZZ70CB08WR
1899;77518;6509;credit-bureau-data;table query_cr_obligaciones_2;;3;12/10/2023;DY3ZZ70CB08WR
1900;77518;6509;credit-bureau-data;table data_centrales_riesgo_obligaciones;;3;12/10/2023;DY3ZZ70CB08WR
1901;77518;6509;bank-statement-data;bank_statement_result;found;3;12/10/2023;DY3ZZ70CB08WR
1902;77518;6509;bank-statement-data;id_document;17.683;3;12/10/2023;DY3ZZ70CB08WR
1903;77518;6509;bank-statement-data;bank_account_validation;1;3;12/10/2023;DY3ZZ70CB08WR
1904;77518;6509;bank-statement-data;bank_statement_no_days;92;3;12/10/2023;DY3ZZ70CB08WR
1905;77518;6509;bank-statement-data;bank_statement_max_days_passed;104;3;12/10/2023;DY3ZZ70CB08WR
1906;77518;6509;bank-statement-data;bank_no_records;109;3;12/10/2023;DY3ZZ70CB08WR
1907;77518;6509;bank-statement-data;bank_monthly_avg_blance;972978;3;12/10/2023;DY3ZZ70CB08WR
1908;77518;6509;bank-statement-data;bank_monthly_avg_credit_value;20118994,67;3;12/10/2023;DY3ZZ70CB08WR
1909;77518;6509;bank-statement-data;bank_monthly_avg_debit_value;19999422,35;3;12/10/2023;DY3ZZ70CB08WR
1910;77518;6509;bank-statement-data;bank_monthly_avg_payroll_value;0;3;12/10/2023;DY3ZZ70CB08WR
1911;77518;6509;bank-statement-data;bank_monthly_avg_no_credit_records;8;3;12/10/2023;DY3ZZ70CB08WR
1912;77518;6509;bank-statement-data;bank_monthly_avg_no_payroll_records;0;3;12/10/2023;DY3ZZ70CB08WR
1913;77518;6509;income-tax-return-data;tax_report_result;not_required;3;12/10/2023;DY3ZZ70CB08WR
1914;77518;6509;income-tax-return-data;tax_report_year;;3;12/10/2023;DY3ZZ70CB08WR
1915;77518;6509;income-tax-return-data;tax_report_total_income_value;;3;12/10/2023;DY3ZZ70CB08WR
1916;77518;6509;income-tax-return-data;tax_report_total_assets_value;;3;12/10/2023;DY3ZZ70CB08WR
1917;77518;6509;income-tax-return-data;tax_report_total_equity_value;;3;12/10/2023;DY3ZZ70CB08WR
1918;77518;6509;income-tax-return-data;tax_report_total_debt_value;;3;12/10/2023;DY3ZZ70CB08WR
1919;77518;6509;income-tax-return-data;tax_report_total_tax;;3;12/10/2023;DY3ZZ70CB08WR
1920;77518;6509;income-tax-return-data;tax_report_value_to_pay;;3;12/10/2023;DY3ZZ70CB08WR
1921;77518;6509;background-checks-data;public_db_result;found;3;12/10/2023;DY3ZZ70CB08WR
1922;77518;6509;background-checks-data;public_db_check_id;CHK38d3c57081c4121c0267174c9a1d51bd;3;12/10/2023;DY3ZZ70CB08WR
1923;77518;6509;background-checks-data;public_db_check_id_date;4/10/2023 20:48;3;12/10/2023;DY3ZZ70CB08WR
1924;77518;6509;background-checks-data;public_db_no_lawsuits;4;3;12/10/2023;DY3ZZ70CB08WR
1925;77518;6509;background-checks-data;public_db_no_lawsuits_defendant;4;3;12/10/2023;DY3ZZ70CB08WR
1926;77518;6509;background-checks-data;public_db_no_lawsuits_defendant_money;4;3;12/10/2023;DY3ZZ70CB08WR
1927;77518;6509;background-checks-data;public_db_tax_responsable;no;3;12/10/2023;DY3ZZ70CB08WR
1928;77518;6509;background-checks-data;public_db_tax_responsable_bdme;;3;12/10/2023;DY3ZZ70CB08WR
1929;77518;6509;background-checks-data;public_db_medical_status;activo;3;12/10/2023;DY3ZZ70CB08WR
1930;77518;6509;background-checks-data;public_db_medical_regime;contributivo;3;12/10/2023;DY3ZZ70CB08WR
1931;77518;6509;background-checks-data;public_db_medical_type;cotizante;3;12/10/2023;DY3ZZ70CB08WR
1932;77518;6509;background-checks-data;public_db_pension_status;activo cotizante;3;12/10/2023;DY3ZZ70CB08WR
1933;77518;6509;background-checks-data;public_db_pension_regime;pensiones: ahorro individual;3;12/10/2023;DY3ZZ70CB08WR
1934;77518;6509;background-checks-data;public_db_ccf_status;activo;3;12/10/2023;DY3ZZ70CB08WR
1935;77518;6509;background-checks-data;public_db_ccf_type;afiliado voluntario;3;12/10/2023;DY3ZZ70CB08WR
1936;77518;6509;background-checks-data;public_db_welfare_status;;3;12/10/2023;DY3ZZ70CB08WR
1937;77518;6509;background-checks-data;public_db_police_check_result;no presenta antecedentes;3;12/10/2023;DY3ZZ70CB08WR
1938;77518;6509;background-checks-data;public_db_check_dni;vigente;3;12/10/2023;DY3ZZ70CB08WR
1939;77518;6509;background-checks-data;public_db_check_pedofile;error-unknown;3;12/10/2023;DY3ZZ70CB08WR
1940;77518;6509;background-checks-data;public_db_personal_identity_score;10;3;12/10/2023;DY3ZZ70CB08WR
1941;77518;6509;background-checks-data;public_db_criminal_record_score;10;3;12/10/2023;DY3ZZ70CB08WR
1942;77518;6509;background-checks-data;public_db_legal_background_score;2;3;12/10/2023;DY3ZZ70CB08WR
1943;77518;6509;background-checks-data;public_db_international_background_score;10;3;12/10/2023;DY3ZZ70CB08WR
1944;77518;6509;background-checks-data;public_db_professional_background_score;10;3;12/10/2023;DY3ZZ70CB08WR
1945;77518;6509;background-checks-data;public_db_affiliations_and_insurances_score;10;3;12/10/2023;DY3ZZ70CB08WR
1946;77518;6509;background-checks-data;public_db_alert_in_media_score;10;3;12/10/2023;DY3ZZ70CB08WR
1947;77518;6509;background-checks-data;public_db_taxes_and_finances_score;10;3;12/10/2023;DY3ZZ70CB08WR
1948;77518;6509;background-checks-data;table data_proceso_judicial;;3;12/10/2023;DY3ZZ70CB08WR
1949;77518;6509;snr-data;snr_result;found;3;12/10/2023;DY3ZZ70CB08WR
1950;77518;6509;snr-data;snr_check_id;F20231004175244U6509S77518;3;12/10/2023;DY3ZZ70CB08WR
1951;77518;6509;snr-data;snr_check_id_date;4/10/2023 17:52;3;12/10/2023;DY3ZZ70CB08WR
1952;77518;6509;snr-data;snr_no_records;2;3;12/10/2023;DY3ZZ70CB08WR
1953;77518;6509;snr-data;snr_no_unique_id_number;2;3;12/10/2023;DY3ZZ70CB08WR
1954;77518;6509;snr-data;snr_estimated_unique_properties;manual_review;3;12/10/2023;DY3ZZ70CB08WR
3363;65526;4167;general-loan-data;line_of_credit;3;3;12/10/2023;DG9TH63ZP77CN
3364;65526;4167;general-loan-data;type_of_loan;C;3;12/10/2023;DG9TH63ZP77CN
3365;65526;4167;general-loan-data;id_loan_request;65526;3;12/10/2023;DG9TH63ZP77CN
3366;65526;4167;general-loan-data;original_amount;$ 80.000.000,00;3;12/10/2023;DG9TH63ZP77CN
3367;65526;4167;general-loan-data;pct_interest_rate;0,305971629;3;12/10/2023;DG9TH63ZP77CN
3368;65526;4167;general-loan-data;loan_to_value_ratio;0,369444747;3;12/10/2023;DG9TH63ZP77CN
3369;65526;4167;general-loan-data;amortization_schedule;0;3;12/10/2023;DG9TH63ZP77CN
3370;65526;4167;general-loan-data;payment_frequency;30;3;12/10/2023;DG9TH63ZP77CN
3371;65526;4167;general-loan-data;value_monthly_payments;$ 1.799.591,00;3;12/10/2023;DG9TH63ZP77CN
3372;65526;4167;general-loan-data;loan_duration;120;3;12/10/2023;DG9TH63ZP77CN
3373;65526;4167;general-loan-data;no_debtors;1;3;12/10/2023;DG9TH63ZP77CN
3374;65526;4167;other-loan-data;use_of_funds;debt restructuring;3;12/10/2023;DG9TH63ZP77CN
3375;65526;4167;other-loan-data;advance_value;0;3;12/10/2023;DG9TH63ZP77CN
3376;65526;4167;other-loan-data;advance_use_of_funds;;3;12/10/2023;DG9TH63ZP77CN
3377;65526;4167;loan-scores;id_advisor;2503;3;12/10/2023;DG9TH63ZP77CN
3378;65526;4167;loan-scores;beauty_score;7;3;12/10/2023;DG9TH63ZP77CN
3379;65526;4167;loan-scores;cleaness_score;9;3;12/10/2023;DG9TH63ZP77CN
3380;65526;4167;loan-scores;advisor_score;9;3;12/10/2023;DG9TH63ZP77CN
3381;65526;4167;loan-scores;id_analist;6353;3;12/10/2023;DG9TH63ZP77CN
3382;65526;4167;loan-scores;analist_score;5;3;12/10/2023;DG9TH63ZP77CN
3383;65526;4167;loan-scores;id_inspector;0;3;12/10/2023;DG9TH63ZP77CN
3384;65526;4167;loan-scores;inspection_score;0;3;12/10/2023;DG9TH63ZP77CN
3385;65526;4167;collateral-data;id_collateral;331;3;12/10/2023;DG9TH63ZP77CN
3386;65526;4167;collateral-data;type_collateral;apartamento;3;12/10/2023;DG9TH63ZP77CN
3387;65526;4167;collateral-data;id_location_collateral;107;3;12/10/2023;DG9TH63ZP77CN
3388;65526;4167;collateral-data;location_collateral;bogota d.c.;3;12/10/2023;DG9TH63ZP77CN
3389;65526;4167;collateral-data;collateral_identification_number;50N-20495491;3;12/10/2023;DG9TH63ZP77CN
3390;65526;4167;collateral-data;collateral_purchase_date;13/07/2011;3;12/10/2023;DG9TH63ZP77CN
3391;65526;4167;collateral-data;collateral_tax_value;$ 153.346.000,00;3;12/10/2023;DG9TH63ZP77CN
3392;65526;4167;collateral-data;collateral_commercial_value;$ 216.541.176,00;3;12/10/2023;DG9TH63ZP77CN
3393;65526;4167;collateral-data;collateral_tax_to_value_ratio;0,7082;3;12/10/2023;DG9TH63ZP77CN
3394;65526;4167;collateral-data;collateral_area;78;3;12/10/2023;DG9TH63ZP77CN
3395;65526;4167;collateral-data;collateral_condominium_status;yes;3;12/10/2023;DG9TH63ZP77CN
3396;65526;4167;collateral-data;collateral_tax_status;current;3;12/10/2023;DG9TH63ZP77CN
3397;65526;4167;collateral-data;collateral_tax_delinquency_value;0;3;12/10/2023;DG9TH63ZP77CN
3398;65526;4167;collateral-data;collateral_tax_no_delinquency_payments;0;3;12/10/2023;DG9TH63ZP77CN
3399;65526;4167;collateral-data;collateral_admin_status;current;3;12/10/2023;DG9TH63ZP77CN
3400;65526;4167;collateral-data;collateral_admin_delinquency_value;0;3;12/10/2023;DG9TH63ZP77CN
3401;65526;4167;collateral-data;collateral_admin_no_delinquency_payments;0;3;12/10/2023;DG9TH63ZP77CN
3402;65526;4167;collateral-taxes;tax_record_result;found;3;12/10/2023;DG9TH63ZP77CN
3403;65526;4167;collateral-taxes;tax_record_no_records;4;3;12/10/2023;DG9TH63ZP77CN
3404;65526;4167;collateral-taxes;tax_record_status;current;3;12/10/2023;DG9TH63ZP77CN
3405;65526;4167;collateral-taxes;tax_record_delinquency_value;0;3;12/10/2023;DG9TH63ZP77CN
3406;65526;4167;collateral-taxes;tax_record_no_delinquency_payments;0;3;12/10/2023;DG9TH63ZP77CN
3407;65526;4167;collateral-taxes;tax_record_validation;ok;3;12/10/2023;DG9TH63ZP77CN
3408;65526;4167;collateral-taxes;table data_tax_record;;3;12/10/2023;DG9TH63ZP77CN
3409;65526;4167;personal-data;id_user;4167;3;12/10/2023;DG9TH63ZP77CN
3410;65526;4167;personal-data;id_type_debtor;1;3;12/10/2023;DG9TH63ZP77CN
3411;65526;4167;personal-data;debtor_full_name;;3;12/10/2023;DG9TH63ZP77CN
3412;65526;4167;personal-data;debtor_age;50;3;12/10/2023;DG9TH63ZP77CN
3413;65526;4167;personal-data;debtor_gender;female;3;12/10/2023;DG9TH63ZP77CN
3414;65526;4167;personal-data;debtor_type_dni;cc;3;12/10/2023;DG9TH63ZP77CN
3415;65526;4167;personal-data;debtor_dni;$ 52.055.995,00;3;12/10/2023;DG9TH63ZP77CN
3416;65526;4167;personal-data;id_debtor_nacionality;$ 43,00;3;12/10/2023;DG9TH63ZP77CN
3417;65526;4167;personal-data;id_debtor_country_residence;$ 52,00;3;12/10/2023;DG9TH63ZP77CN
3418;65526;4167;personal-data;id_debtor_dept_residence;$ 11,00;3;12/10/2023;DG9TH63ZP77CN
3419;65526;4167;personal-data;id_debtor_mun_residence;$ 107,00;3;12/10/2023;DG9TH63ZP77CN
3420;65526;4167;personal-data;debtor_date_birth;6/02/1973;3;12/10/2023;DG9TH63ZP77CN
3421;65526;4167;personal-data;debtor_marital_status;common law marriage;3;12/10/2023;DG9TH63ZP77CN
3422;65526;4167;personal-data;debtor_social_stratum;3;3;12/10/2023;DG9TH63ZP77CN
3423;65526;4167;personal-data;debtor_level_of_education;6/01/1900 0:00;3;12/10/2023;DG9TH63ZP77CN
3424;65526;4167;personal-data;debtor_no_dependants;0;3;12/10/2023;DG9TH63ZP77CN
3425;65526;4167;personal-data;debtor_file_tax_reports;yes;3;12/10/2023;DG9TH63ZP77CN
3426;65526;4167;personal-data;debtor_tenure_at_curr_address;15;3;12/10/2023;DG9TH63ZP77CN
3427;65526;4167;personal-data;debtor_abroad_residence;no;3;12/10/2023;DG9TH63ZP77CN
3428;65526;4167;personal-data;debtor_reports_credit_agency;no;3;12/10/2023;DG9TH63ZP77CN
3429;65526;4167;personal-data;debtor_reports_credit_agency_party;;3;12/10/2023;DG9TH63ZP77CN
3430;65526;4167;personal-data;debtor_reports_credit_agency_party_other;;3;12/10/2023;DG9TH63ZP77CN
3431;65526;4167;labour-data;debtor_employment_status;self-employed;3;12/10/2023;DG9TH63ZP77CN
3432;65526;4167;labour-data;id_debtor_range_of_income;9;3;12/10/2023;DG9TH63ZP77CN
3433;65526;4167;labour-data;payroll_frequency;30;3;12/10/2023;DG9TH63ZP77CN
3434;65526;4167;labour-data;id_debtor_bank;4;3;12/10/2023;DG9TH63ZP77CN
3435;65526;4167;labour-data;id_debtor_occupation;173;3;12/10/2023;DG9TH63ZP77CN
3436;65526;4167;labour-data;debtor_occupation;panaderos, pastelero y confiteros;3;12/10/2023;DG9TH63ZP77CN
3437;65526;4167;labour-data;id_debtor_position;0;3;12/10/2023;DG9TH63ZP77CN
3438;65526;4167;labour-data;debtor_position;0;3;12/10/2023;DG9TH63ZP77CN
3439;65526;4167;labour-data;debtor_business_type;;3;12/10/2023;DG9TH63ZP77CN
3440;65526;4167;labour-data;debtor_business_name;;3;12/10/2023;DG9TH63ZP77CN
3441;65526;4167;labour-data;debtor_business_date_admission;;3;12/10/2023;DG9TH63ZP77CN
3442;65526;4167;labour-data;debtor_duration_of_curr_employment;0;3;12/10/2023;DG9TH63ZP77CN
3443;65526;4167;labour-data;debtor_years_experience;17;3;12/10/2023;DG9TH63ZP77CN
3444;65526;4167;labour-data;id_debtor_business_activity;2;3;12/10/2023;DG9TH63ZP77CN
3445;65526;4167;labour-data;debtor_business_activity;alimentos y bebidas ;3;12/10/2023;DG9TH63ZP77CN
3446;65526;4167;labour-data;debtor_business_phone;;3;12/10/2023;DG9TH63ZP77CN
3447;65526;4167;labour-data;debtor_type_of_employment_contract;no-contract;3;12/10/2023;DG9TH63ZP77CN
3448;65526;4167;labour-data;debtor_business_registration;yes;3;12/10/2023;DG9TH63ZP77CN
3449;65526;4167;labour-data;debtor_business_tin;52055995-9;3;12/10/2023;DG9TH63ZP77CN
3450;65526;4167;labour-data;id_debtor_other_income;0;3;12/10/2023;DG9TH63ZP77CN
3451;65526;4167;labour-data;table data_centrales_riesgo_obligaciones;;3;12/10/2023;DG9TH63ZP77CN
3452;65526;4167;credit-bureau-data;report_result;found;3;12/10/2023;DG9TH63ZP77CN
3453;65526;4167;credit-bureau-data;report_checkid;2,12E+19;3;12/10/2023;DG9TH63ZP77CN
3454;65526;4167;credit-bureau-data;report_date;10/12/2023 15:51;3;12/10/2023;DG9TH63ZP77CN
3455;65526;4167;credit-bureau-data;debtor_credit_agency;transunion;3;12/10/2023;DG9TH63ZP77CN
3456;65526;4167;credit-bureau-data;debtor_credit_score;642;3;12/10/2023;DG9TH63ZP77CN
3457;65526;4167;credit-bureau-data;debtor_default_loans;0;3;12/10/2023;DG9TH63ZP77CN
3458;65526;4167;credit-bureau-data;debtor_credit_agency_min_probable_income;3725200;3;12/10/2023;DG9TH63ZP77CN
3459;65526;4167;credit-bureau-data;debtor_payment_capacity;24274;3;12/10/2023;DG9TH63ZP77CN
3460;65526;4167;credit-bureau-data;debtor_current_loan_value;41218;3;12/10/2023;DG9TH63ZP77CN
3461;65526;4167;credit-bureau-data;debtor_current_no_loans;20;3;12/10/2023;DG9TH63ZP77CN
3462;65526;4167;credit-bureau-data;debtor_current_total_payment;6451;3;12/10/2023;DG9TH63ZP77CN
3463;65526;4167;credit-bureau-data;debtor_current_delinquency_value;111;3;12/10/2023;DG9TH63ZP77CN
3464;65526;4167;credit-bureau-data;debtor_current_no_loans_w_bad_reports;0;3;12/10/2023;DG9TH63ZP77CN
3465;65526;4167;credit-bureau-data;debtor_total_loan_value;99103;3;12/10/2023;DG9TH63ZP77CN
3466;65526;4167;credit-bureau-data;debtor_total_no_loans;4/04/1900;3;12/10/2023;DG9TH63ZP77CN
3467;65526;4167;credit-bureau-data;debtor_total_highest_loan_value;12750;3;12/10/2023;DG9TH63ZP77CN
3468;65526;4167;credit-bureau-data;debtor_total_no_bad_reports;0;3;12/10/2023;DG9TH63ZP77CN
3469;65526;4167;credit-bureau-data;debtor_total_max_bad_reports;0;3;12/10/2023;DG9TH63ZP77CN
3470;65526;4167;credit-bureau-data;debtor_total_no_loans_w_bad_reports;0;3;12/10/2023;DG9TH63ZP77CN
3471;65526;4167;credit-bureau-data;debtor_total_no_similar_loans;0;3;12/10/2023;DG9TH63ZP77CN
3472;65526;4167;credit-bureau-data;debtor_closed_loan_value;57639;3;12/10/2023;DG9TH63ZP77CN
3473;65526;4167;credit-bureau-data;debtor_closed_no_loans;81;3;12/10/2023;DG9TH63ZP77CN
3474;65526;4167;credit-bureau-data;debtor_closed_highest_loan_value;12750;3;12/10/2023;DG9TH63ZP77CN
3475;65526;4167;credit-bureau-data;debtor_closed_no_bad_reports;0;3;12/10/2023;DG9TH63ZP77CN
3476;65526;4167;credit-bureau-data;debtor_closed_max_bad_reports;0;3;12/10/2023;DG9TH63ZP77CN
3477;65526;4167;credit-bureau-data;debtor_closed_no_loans_w_bad_reports;0;3;12/10/2023;DG9TH63ZP77CN
3478;65526;4167;credit-bureau-data;debtor_closed_no_similar_loans;0;3;12/10/2023;DG9TH63ZP77CN
3479;65526;4167;credit-bureau-data;debtor_current_highest_loan_value;10000;3;12/10/2023;DG9TH63ZP77CN
3480;65526;4167;credit-bureau-data;debtor_current_no_bad_reports;0;3;12/10/2023;DG9TH63ZP77CN
3481;65526;4167;credit-bureau-data;debtor_current_max_bad_reports;0;3;12/10/2023;DG9TH63ZP77CN
3482;65526;4167;credit-bureau-data;debtor_current_no_loans_w_bad_reports;0;3;12/10/2023;DG9TH63ZP77CN
3483;65526;4167;credit-bureau-data;debtor_current_no_similar_loans;0;3;12/10/2023;DG9TH63ZP77CN
3484;65526;4167;credit-bureau-data;debtor_current_no_tcr;3;3;12/10/2023;DG9TH63ZP77CN
3485;65526;4167;credit-bureau-data;debtor_current_tcr_initial_limit;14356;3;12/10/2023;DG9TH63ZP77CN
3486;65526;4167;credit-bureau-data;debtor_current_tcr_value;14265;3;12/10/2023;DG9TH63ZP77CN
3487;65526;4167;credit-bureau-data;debtor_current_tcr_usage;0,993661187;3;12/10/2023;DG9TH63ZP77CN
3488;65526;4167;credit-bureau-data;table query_cr_obligaciones_1;;3;12/10/2023;DG9TH63ZP77CN
3489;65526;4167;credit-bureau-data;table query_cr_obligaciones_2;;3;12/10/2023;DG9TH63ZP77CN
3490;65526;4167;credit-bureau-data;table data_centrales_riesgo_obligaciones;;3;12/10/2023;DG9TH63ZP77CN
3491;65526;4167;bank-statement-data;bank_statement_result;found;3;12/10/2023;DG9TH63ZP77CN
3492;65526;4167;bank-statement-data;id_document;22194;3;12/10/2023;DG9TH63ZP77CN
3493;65526;4167;bank-statement-data;bank_account_validation;1;3;12/10/2023;DG9TH63ZP77CN
3494;65526;4167;bank-statement-data;bank_statement_no_days;93;3;12/10/2023;DG9TH63ZP77CN
3495;65526;4167;bank-statement-data;bank_statement_max_days_passed;12;3;12/10/2023;DG9TH63ZP77CN
3496;65526;4167;bank-statement-data;bank_no_records;32;3;12/10/2023;DG9TH63ZP77CN
3497;65526;4167;bank-statement-data;bank_monthly_avg_blance;406967;3;12/10/2023;DG9TH63ZP77CN
3498;65526;4167;bank-statement-data;bank_monthly_avg_credit_value;4832591,6;3;12/10/2023;DG9TH63ZP77CN
3499;65526;4167;bank-statement-data;bank_monthly_avg_debit_value;4824065,92;3;12/10/2023;DG9TH63ZP77CN
3500;65526;4167;bank-statement-data;bank_monthly_avg_payroll_value;0/01/1900 0:00;3;12/10/2023;DG9TH63ZP77CN
3501;65526;4167;bank-statement-data;bank_monthly_avg_no_credit_records;6;3;12/10/2023;DG9TH63ZP77CN
3502;65526;4167;bank-statement-data;bank_monthly_avg_no_payroll_records;0;3;12/10/2023;DG9TH63ZP77CN
3503;65526;4167;income-tax-return-data;tax_report_result;found;3;12/10/2023;DG9TH63ZP77CN
3504;65526;4167;income-tax-return-data;tax_report_year;2021;3;12/10/2023;DG9TH63ZP77CN
3505;65526;4167;income-tax-return-data;tax_report_total_income_value;$ 18.244.000,00;3;12/10/2023;DG9TH63ZP77CN
3506;65526;4167;income-tax-return-data;tax_report_total_assets_value;$ 317.479.000,00;3;12/10/2023;DG9TH63ZP77CN
3507;65526;4167;income-tax-return-data;tax_report_total_equity_value;$ 313.428.000,00;3;12/10/2023;DG9TH63ZP77CN
3508;65526;4167;income-tax-return-data;tax_report_total_debt_value;$ 4.051.000,00;3;12/10/2023;DG9TH63ZP77CN
3509;65526;4167;income-tax-return-data;tax_report_total_tax;$ 0,00;3;12/10/2023;DG9TH63ZP77CN
3510;65526;4167;income-tax-return-data;tax_report_value_to_pay;$ 0,00;3;12/10/2023;DG9TH63ZP77CN
3511;65526;4167;background-checks-data;public_db_result;found;3;12/10/2023;DG9TH63ZP77CN
3512;65526;4167;background-checks-data;public_db_check_id;CHK8101d7e9314001c32c337ecbf0c7be12;3;12/10/2023;DG9TH63ZP77CN
3513;65526;4167;background-checks-data;public_db_check_id_date;12/10/2023 12:08;3;12/10/2023;DG9TH63ZP77CN
3514;65526;4167;background-checks-data;public_db_no_lawsuits;;3;12/10/2023;DG9TH63ZP77CN
3515;65526;4167;background-checks-data;public_db_no_lawsuits_defendant;;3;12/10/2023;DG9TH63ZP77CN
3516;65526;4167;background-checks-data;public_db_no_lawsuits_defendant_money;;3;12/10/2023;DG9TH63ZP77CN
3517;65526;4167;background-checks-data;public_db_tax_responsable;no;3;12/10/2023;DG9TH63ZP77CN
3518;65526;4167;background-checks-data;public_db_tax_responsable_bdme;;3;12/10/2023;DG9TH63ZP77CN
3519;65526;4167;background-checks-data;public_db_medical_status;activo;3;12/10/2023;DG9TH63ZP77CN
3520;65526;4167;background-checks-data;public_db_medical_regime;contributivo;3;12/10/2023;DG9TH63ZP77CN
3521;65526;4167;background-checks-data;public_db_medical_type;beneficiario;3;12/10/2023;DG9TH63ZP77CN
3522;65526;4167;background-checks-data;public_db_pension_status;activo cotizante;3;12/10/2023;DG9TH63ZP77CN
3523;65526;4167;background-checks-data;public_db_pension_regime;pensiones: ahorro individual;3;12/10/2023;DG9TH63ZP77CN
3524;65526;4167;background-checks-data;public_db_ccf_status;activo;3;12/10/2023;DG9TH63ZP77CN
3525;65526;4167;background-checks-data;public_db_ccf_type;;3;12/10/2023;DG9TH63ZP77CN
3526;65526;4167;background-checks-data;public_db_welfare_status;;3;12/10/2023;DG9TH63ZP77CN
3527;65526;4167;background-checks-data;public_db_police_check_result;no presenta antecedentes;3;12/10/2023;DG9TH63ZP77CN
3528;65526;4167;background-checks-data;public_db_check_dni;vigente;3;12/10/2023;DG9TH63ZP77CN
3529;65526;4167;background-checks-data;public_db_check_pedofile;found-none;3;12/10/2023;DG9TH63ZP77CN
3530;65526;4167;background-checks-data;public_db_personal_identity_score;10;3;12/10/2023;DG9TH63ZP77CN
3531;65526;4167;background-checks-data;public_db_criminal_record_score;10;3;12/10/2023;DG9TH63ZP77CN
3532;65526;4167;background-checks-data;public_db_legal_background_score;10;3;12/10/2023;DG9TH63ZP77CN
3533;65526;4167;background-checks-data;public_db_international_background_score;10;3;12/10/2023;DG9TH63ZP77CN
3534;65526;4167;background-checks-data;public_db_professional_background_score;10;3;12/10/2023;DG9TH63ZP77CN
3535;65526;4167;background-checks-data;public_db_affiliations_and_insurances_score;10;3;12/10/2023;DG9TH63ZP77CN
3536;65526;4167;background-checks-data;public_db_alert_in_media_score;10;3;12/10/2023;DG9TH63ZP77CN
3537;65526;4167;background-checks-data;public_db_taxes_and_finances_score;10;3;12/10/2023;DG9TH63ZP77CN
3538;65526;4167;background-checks-data;table data_proceso_judicial;;3;12/10/2023;DG9TH63ZP77CN
3539;65526;4167;snr-data;snr_result;found;3;12/10/2023;DG9TH63ZP77CN
3540;65526;4167;snr-data;snr_check_id;F20231012170935U4167S65526;3;12/10/2023;DG9TH63ZP77CN
3541;65526;4167;snr-data;snr_check_id_date;12/10/2023 17:09;3;12/10/2023;DG9TH63ZP77CN
3542;65526;4167;snr-data;snr_no_records;3;3;12/10/2023;DG9TH63ZP77CN
3543;65526;4167;snr-data;snr_no_unique_id_number;3;3;12/10/2023;DG9TH63ZP77CN
3544;65526;4167;snr-data;snr_estimated_unique_properties;manual_review;3;12/10/2023;DG9TH63ZP77CN
3545;75706;12255;general-loan-data;line_of_credit;3;3;12/10/2023;DO4XC49EM95DE
3546;75706;12255;general-loan-data;type_of_loan;H;3;12/10/2023;DO4XC49EM95DE
3547;75706;12255;general-loan-data;id_loan_request;75706;3;12/10/2023;DO4XC49EM95DE
3548;75706;12255;general-loan-data;original_amount;$ 100.000.000,00;3;12/10/2023;DO4XC49EM95DE
3549;75706;12255;general-loan-data;pct_interest_rate;0,322102832;3;12/10/2023;DO4XC49EM95DE
3550;75706;12255;general-loan-data;loan_to_value_ratio;0,603049903;3;12/10/2023;DO4XC49EM95DE
3551;75706;12255;general-loan-data;amortization_schedule;1;3;12/10/2023;DO4XC49EM95DE
3552;75706;12255;general-loan-data;payment_frequency;30;3;12/10/2023;DO4XC49EM95DE
3553;75706;12255;general-loan-data;value_monthly_payments;$ 102.354.145,00;3;12/10/2023;DO4XC49EM95DE
3554;75706;12255;general-loan-data;loan_duration;1;3;12/10/2023;DO4XC49EM95DE
3555;75706;12255;general-loan-data;no_debtors;2;3;12/10/2023;DO4XC49EM95DE
3556;75706;12255;other-loan-data;use_of_funds;purchase of another property;3;12/10/2023;DO4XC49EM95DE
3557;75706;12255;other-loan-data;advance_value;0;3;12/10/2023;DO4XC49EM95DE
3558;75706;12255;other-loan-data;advance_use_of_funds;;3;12/10/2023;DO4XC49EM95DE
3559;75706;12255;loan-scores;id_advisor;24/10/1920 0:00;3;12/10/2023;DO4XC49EM95DE
3560;75706;12255;loan-scores;beauty_score;4;3;12/10/2023;DO4XC49EM95DE
3561;75706;12255;loan-scores;cleaness_score;7;3;12/10/2023;DO4XC49EM95DE
3562;75706;12255;loan-scores;advisor_score;9;3;12/10/2023;DO4XC49EM95DE
3563;75706;12255;loan-scores;id_analist;6353;3;12/10/2023;DO4XC49EM95DE
3564;75706;12255;loan-scores;analist_score;6;3;12/10/2023;DO4XC49EM95DE
3565;75706;12255;loan-scores;id_inspector;0;3;12/10/2023;DO4XC49EM95DE
3566;75706;12255;loan-scores;inspection_score;0;3;12/10/2023;DO4XC49EM95DE
3567;75706;12255;collateral-data;id_collateral;937;3;12/10/2023;DO4XC49EM95DE
3568;75706;12255;collateral-data;type_collateral;local comercial;3;12/10/2023;DO4XC49EM95DE
3569;75706;12255;collateral-data;id_location_collateral;177;3;12/10/2023;DO4XC49EM95DE
3570;75706;12255;collateral-data;location_collateral;caucasia;3;12/10/2023;DO4XC49EM95DE
3571;75706;12255;collateral-data;collateral_identification_number;015-60495;3;12/10/2023;DO4XC49EM95DE
3572;75706;12255;collateral-data;collateral_purchase_date;29/06/2023;3;12/10/2023;DO4XC49EM95DE
3573;75706;12255;collateral-data;collateral_tax_value;$ 90.074.913,00;3;12/10/2023;DO4XC49EM95DE
3574;75706;12255;collateral-data;collateral_commercial_value;$ 165.823.756,00;3;12/10/2023;DO4XC49EM95DE
3575;75706;12255;collateral-data;collateral_tax_to_value_ratio;0,5432;3;12/10/2023;DO4XC49EM95DE
3576;75706;12255;collateral-data;collateral_area;242;3;12/10/2023;DO4XC49EM95DE
3577;75706;12255;collateral-data;collateral_condominium_status;no;3;12/10/2023;DO4XC49EM95DE
3578;75706;12255;collateral-data;collateral_tax_status;current;3;12/10/2023;DO4XC49EM95DE
3579;75706;12255;collateral-data;collateral_tax_delinquency_value;0;3;12/10/2023;DO4XC49EM95DE
3580;75706;12255;collateral-data;collateral_tax_no_delinquency_payments;0;3;12/10/2023;DO4XC49EM95DE
3581;75706;12255;collateral-data;collateral_admin_status;not_required;3;12/10/2023;DO4XC49EM95DE
3582;75706;12255;collateral-data;collateral_admin_delinquency_value;;3;12/10/2023;DO4XC49EM95DE
3583;75706;12255;collateral-data;collateral_admin_no_delinquency_payments;;3;12/10/2023;DO4XC49EM95DE
3584;75706;12255;collateral-taxes;tax_record_result;found;3;12/10/2023;DO4XC49EM95DE
3585;75706;12255;collateral-taxes;tax_record_no_records;1;3;12/10/2023;DO4XC49EM95DE
3586;75706;12255;collateral-taxes;tax_record_status;delinquent;3;12/10/2023;DO4XC49EM95DE
3587;75706;12255;collateral-taxes;tax_record_delinquency_value;0/01/1900 0:00;3;12/10/2023;DO4XC49EM95DE
3588;75706;12255;collateral-taxes;tax_record_no_delinquency_payments;1;3;12/10/2023;DO4XC49EM95DE
3589;75706;12255;collateral-taxes;tax_record_validation;inconsistent;3;12/10/2023;DO4XC49EM95DE
3590;75706;12255;collateral-taxes;table data_tax_record;;3;12/10/2023;DO4XC49EM95DE
3591;75706;12255;personal-data;id_user;12255;3;12/10/2023;DO4XC49EM95DE
3592;75706;12255;personal-data;id_type_debtor;1;3;12/10/2023;DO4XC49EM95DE
3593;75706;12255;personal-data;debtor_full_name;;3;12/10/2023;DO4XC49EM95DE
3594;75706;12255;personal-data;debtor_age;$ 34,00;3;12/10/2023;DO4XC49EM95DE
3595;75706;12255;personal-data;debtor_gender;female;3;12/10/2023;DO4XC49EM95DE
3596;75706;12255;personal-data;debtor_type_dni;cc;3;12/10/2023;DO4XC49EM95DE
3597;75706;12255;personal-data;debtor_dni;1038104753;3;12/10/2023;DO4XC49EM95DE
3598;75706;12255;personal-data;id_debtor_nacionality;43;3;12/10/2023;DO4XC49EM95DE
3599;75706;12255;personal-data;id_debtor_country_residence;$ 52,00;3;12/10/2023;DO4XC49EM95DE
3600;75706;12255;personal-data;id_debtor_dept_residence;5;3;12/10/2023;DO4XC49EM95DE
3601;75706;12255;personal-data;id_debtor_mun_residence;772;3;12/10/2023;DO4XC49EM95DE
3602;75706;12255;personal-data;debtor_date_birth;15/10/1988;3;12/10/2023;DO4XC49EM95DE
3603;75706;12255;personal-data;debtor_marital_status;common law marriage;3;12/10/2023;DO4XC49EM95DE
3604;75706;12255;personal-data;debtor_social_stratum;4;3;12/10/2023;DO4XC49EM95DE
3605;75706;12255;personal-data;debtor_level_of_education;7;3;12/10/2023;DO4XC49EM95DE
3606;75706;12255;personal-data;debtor_no_dependants;0;3;12/10/2023;DO4XC49EM95DE
3607;75706;12255;personal-data;debtor_file_tax_reports;yes;3;12/10/2023;DO4XC49EM95DE
3608;75706;12255;personal-data;debtor_tenure_at_curr_address;1;3;12/10/2023;DO4XC49EM95DE
3609;75706;12255;personal-data;debtor_abroad_residence;no;3;12/10/2023;DO4XC49EM95DE
3610;75706;12255;personal-data;debtor_reports_credit_agency;no;3;12/10/2023;DO4XC49EM95DE
3611;75706;12255;personal-data;debtor_reports_credit_agency_party;;3;12/10/2023;DO4XC49EM95DE
3612;75706;12255;personal-data;debtor_reports_credit_agency_party_other;;3;12/10/2023;DO4XC49EM95DE
3613;75706;12255;labour-data;debtor_employment_status;self-employed;3;12/10/2023;DO4XC49EM95DE
3614;75706;12255;labour-data;id_debtor_range_of_income;12;3;12/10/2023;DO4XC49EM95DE
3615;75706;12255;labour-data;payroll_frequency;30;3;12/10/2023;DO4XC49EM95DE
3616;75706;12255;labour-data;id_debtor_bank;4;3;12/10/2023;DO4XC49EM95DE
3617;75706;12255;labour-data;id_debtor_occupation;1;3;12/10/2023;DO4XC49EM95DE
3618;75706;12255;labour-data;debtor_occupation;abogado (a);3;12/10/2023;DO4XC49EM95DE
3619;75706;12255;labour-data;id_debtor_position;$ 0,00;3;12/10/2023;DO4XC49EM95DE
3620;75706;12255;labour-data;debtor_position;$ 0,00;3;12/10/2023;DO4XC49EM95DE
3621;75706;12255;labour-data;debtor_business_type;;3;12/10/2023;DO4XC49EM95DE
3622;75706;12255;labour-data;debtor_business_name;;3;12/10/2023;DO4XC49EM95DE
3623;75706;12255;labour-data;debtor_business_date_admission;;3;12/10/2023;DO4XC49EM95DE
3624;75706;12255;labour-data;debtor_duration_of_curr_employment;0;3;12/10/2023;DO4XC49EM95DE
3625;75706;12255;labour-data;debtor_years_experience;5;3;12/10/2023;DO4XC49EM95DE
3626;75706;12255;labour-data;id_debtor_business_activity;4;3;12/10/2023;DO4XC49EM95DE
3627;75706;12255;labour-data;debtor_business_activity;consultorías - asesorías ;3;12/10/2023;DO4XC49EM95DE
3628;75706;12255;labour-data;debtor_business_phone;;3;12/10/2023;DO4XC49EM95DE
3629;75706;12255;labour-data;debtor_type_of_employment_contract;no-contract;3;12/10/2023;DO4XC49EM95DE
3630;75706;12255;labour-data;debtor_business_registration;no;3;12/10/2023;DO4XC49EM95DE
3631;75706;12255;labour-data;debtor_business_tin;;3;12/10/2023;DO4XC49EM95DE
3632;75706;12255;labour-data;id_debtor_other_income;0;3;12/10/2023;DO4XC49EM95DE
3633;75706;12255;labour-data;table data_centrales_riesgo_obligaciones;;3;12/10/2023;DO4XC49EM95DE
3634;75706;12255;credit-bureau-data;report_result;found;3;12/10/2023;DO4XC49EM95DE
3635;75706;12255;credit-bureau-data;report_checkid;2,11E+19;3;12/10/2023;DO4XC49EM95DE
3636;75706;12255;credit-bureau-data;report_date;10/04/2023 9:32;3;12/10/2023;DO4XC49EM95DE
3637;75706;12255;credit-bureau-data;debtor_credit_agency;transunion;3;12/10/2023;DO4XC49EM95DE
3638;75706;12255;credit-bureau-data;debtor_credit_score;686;3;12/10/2023;DO4XC49EM95DE
3639;75706;12255;credit-bureau-data;debtor_default_loans;0;3;12/10/2023;DO4XC49EM95DE
3640;75706;12255;credit-bureau-data;debtor_credit_agency_min_probable_income;3196186;3;12/10/2023;DO4XC49EM95DE
3641;75706;12255;credit-bureau-data;debtor_payment_capacity;-854025;3;12/10/2023;DO4XC49EM95DE
3642;75706;12255;credit-bureau-data;debtor_current_loan_value;48169;3;12/10/2023;DO4XC49EM95DE
3643;75706;12255;credit-bureau-data;debtor_current_no_loans;6;3;12/10/2023;DO4XC49EM95DE
3644;75706;12255;credit-bureau-data;debtor_current_total_payment;2410;3;12/10/2023;DO4XC49EM95DE
3645;75706;12255;credit-bureau-data;debtor_current_delinquency_value;0;3;12/10/2023;DO4XC49EM95DE
3646;75706;12255;credit-bureau-data;debtor_current_no_loans_w_bad_reports;0;3;12/10/2023;DO4XC49EM95DE
3647;75706;12255;credit-bureau-data;debtor_total_loan_value;95806;3;12/10/2023;DO4XC49EM95DE
3648;75706;12255;credit-bureau-data;debtor_total_no_loans;26/01/1900;3;12/10/2023;DO4XC49EM95DE
3649;75706;12255;credit-bureau-data;debtor_total_highest_loan_value;40000;3;12/10/2023;DO4XC49EM95DE
3650;75706;12255;credit-bureau-data;debtor_total_no_bad_reports;0;3;12/10/2023;DO4XC49EM95DE
3651;75706;12255;credit-bureau-data;debtor_total_max_bad_reports;0;3;12/10/2023;DO4XC49EM95DE
3652;75706;12255;credit-bureau-data;debtor_total_no_loans_w_bad_reports;0;3;12/10/2023;DO4XC49EM95DE
3653;75706;12255;credit-bureau-data;debtor_total_no_similar_loans;0;3;12/10/2023;DO4XC49EM95DE
3654;75706;12255;credit-bureau-data;debtor_closed_loan_value;47646;3;12/10/2023;DO4XC49EM95DE
3655;75706;12255;credit-bureau-data;debtor_closed_no_loans;21;3;12/10/2023;DO4XC49EM95DE
3656;75706;12255;credit-bureau-data;debtor_closed_highest_loan_value;35527;3;12/10/2023;DO4XC49EM95DE
3657;75706;12255;credit-bureau-data;debtor_closed_no_bad_reports;0;3;12/10/2023;DO4XC49EM95DE
3658;75706;12255;credit-bureau-data;debtor_closed_max_bad_reports;0;3;12/10/2023;DO4XC49EM95DE
3659;75706;12255;credit-bureau-data;debtor_closed_no_loans_w_bad_reports;0;3;12/10/2023;DO4XC49EM95DE
3660;75706;12255;credit-bureau-data;debtor_closed_no_similar_loans;0;3;12/10/2023;DO4XC49EM95DE
3661;75706;12255;credit-bureau-data;debtor_current_highest_loan_value;40000;3;12/10/2023;DO4XC49EM95DE
3662;75706;12255;credit-bureau-data;debtor_current_no_bad_reports;0;3;12/10/2023;DO4XC49EM95DE
3663;75706;12255;credit-bureau-data;debtor_current_max_bad_reports;0;3;12/10/2023;DO4XC49EM95DE
3664;75706;12255;credit-bureau-data;debtor_current_no_loans_w_bad_reports;0;3;12/10/2023;DO4XC49EM95DE
3665;75706;12255;credit-bureau-data;debtor_current_no_similar_loans;0;3;12/10/2023;DO4XC49EM95DE
3666;75706;12255;credit-bureau-data;debtor_current_no_tcr;2;3;12/10/2023;DO4XC49EM95DE
3667;75706;12255;credit-bureau-data;debtor_current_tcr_initial_limit;6600;3;12/10/2023;DO4XC49EM95DE
3668;75706;12255;credit-bureau-data;debtor_current_tcr_value;6680;3;12/10/2023;DO4XC49EM95DE
3669;75706;12255;credit-bureau-data;debtor_current_tcr_usage;1,012121212;3;12/10/2023;DO4XC49EM95DE
3670;75706;12255;credit-bureau-data;table query_cr_obligaciones_1;;3;12/10/2023;DO4XC49EM95DE
3671;75706;12255;credit-bureau-data;table query_cr_obligaciones_2;;3;12/10/2023;DO4XC49EM95DE
3672;75706;12255;credit-bureau-data;table data_centrales_riesgo_obligaciones;;3;12/10/2023;DO4XC49EM95DE
3673;75706;12255;bank-statement-data;bank_statement_result;found;3;12/10/2023;DO4XC49EM95DE
3674;75706;12255;bank-statement-data;id_document;14413;3;12/10/2023;DO4XC49EM95DE
3675;75706;12255;bank-statement-data;bank_account_validation;1;3;12/10/2023;DO4XC49EM95DE
3676;75706;12255;bank-statement-data;bank_statement_no_days;92;3;12/10/2023;DO4XC49EM95DE
3677;75706;12255;bank-statement-data;bank_statement_max_days_passed;104;3;12/10/2023;DO4XC49EM95DE
3678;75706;12255;bank-statement-data;bank_no_records;110;3;12/10/2023;DO4XC49EM95DE
3679;75706;12255;bank-statement-data;bank_monthly_avg_blance;529373;3;12/10/2023;DO4XC49EM95DE
3680;75706;12255;bank-statement-data;bank_monthly_avg_credit_value;16246400,88;3;12/10/2023;DO4XC49EM95DE
3681;75706;12255;bank-statement-data;bank_monthly_avg_debit_value;16004559,43;3;12/10/2023;DO4XC49EM95DE
3682;75706;12255;bank-statement-data;bank_monthly_avg_payroll_value;0;3;12/10/2023;DO4XC49EM95DE
3683;75706;12255;bank-statement-data;bank_monthly_avg_no_credit_records;17;3;12/10/2023;DO4XC49EM95DE
3684;75706;12255;bank-statement-data;bank_monthly_avg_no_payroll_records;0;3;12/10/2023;DO4XC49EM95DE
3685;75706;12255;income-tax-return-data;tax_report_result;found;3;12/10/2023;DO4XC49EM95DE
3686;75706;12255;income-tax-return-data;tax_report_year;2022;3;12/10/2023;DO4XC49EM95DE
3687;75706;12255;income-tax-return-data;tax_report_total_income_value;$ 237.967.000,00;3;12/10/2023;DO4XC49EM95DE
3688;75706;12255;income-tax-return-data;tax_report_total_assets_value;$ 249.834.000,00;3;12/10/2023;DO4XC49EM95DE
3689;75706;12255;income-tax-return-data;tax_report_total_equity_value;$ 216.471.000,00;3;12/10/2023;DO4XC49EM95DE
3690;75706;12255;income-tax-return-data;tax_report_total_debt_value;$ 49.641.000,00;3;12/10/2023;DO4XC49EM95DE
3691;75706;12255;income-tax-return-data;tax_report_total_tax;$ 2.041.000,00;3;12/10/2023;DO4XC49EM95DE
3692;75706;12255;income-tax-return-data;tax_report_value_to_pay;$ 3.584.000,00;3;12/10/2023;DO4XC49EM95DE
3693;75706;12255;background-checks-data;public_db_result;found;3;12/10/2023;DO4XC49EM95DE
3694;75706;12255;background-checks-data;public_db_check_id;CHKf9eff5a8cf0636ec014bac9899736f0b;3;12/10/2023;DO4XC49EM95DE
3695;75706;12255;background-checks-data;public_db_check_id_date;4/10/2023 12:46;3;12/10/2023;DO4XC49EM95DE
3696;75706;12255;background-checks-data;public_db_no_lawsuits;2;3;12/10/2023;DO4XC49EM95DE
3697;75706;12255;background-checks-data;public_db_no_lawsuits_defendant;;3;12/10/2023;DO4XC49EM95DE
3698;75706;12255;background-checks-data;public_db_no_lawsuits_defendant_money;;3;12/10/2023;DO4XC49EM95DE
3699;75706;12255;background-checks-data;public_db_tax_responsable;no;3;12/10/2023;DO4XC49EM95DE
3700;75706;12255;background-checks-data;public_db_tax_responsable_bdme;;3;12/10/2023;DO4XC49EM95DE
3701;75706;12255;background-checks-data;public_db_medical_status;protección laboral c;3;12/10/2023;DO4XC49EM95DE
3702;75706;12255;background-checks-data;public_db_medical_regime;contributivo;3;12/10/2023;DO4XC49EM95DE
3703;75706;12255;background-checks-data;public_db_medical_type;cotizante;3;12/10/2023;DO4XC49EM95DE
3704;75706;12255;background-checks-data;public_db_pension_status;activo cotizante;3;12/10/2023;DO4XC49EM95DE
3705;75706;12255;background-checks-data;public_db_pension_regime;pensiones: ahorro individual;3;12/10/2023;DO4XC49EM95DE
3706;75706;12255;background-checks-data;public_db_ccf_status;activo;3;12/10/2023;DO4XC49EM95DE
3707;75706;12255;background-checks-data;public_db_ccf_type;trabajador afiliado dependiente;3;12/10/2023;DO4XC49EM95DE
3708;75706;12255;background-checks-data;public_db_welfare_status;;3;12/10/2023;DO4XC49EM95DE
3709;75706;12255;background-checks-data;public_db_police_check_result;no presenta antecedentes;3;12/10/2023;DO4XC49EM95DE
3710;75706;12255;background-checks-data;public_db_check_dni;vigente;3;12/10/2023;DO4XC49EM95DE
3711;75706;12255;background-checks-data;public_db_check_pedofile;found-none;3;12/10/2023;DO4XC49EM95DE
3712;75706;12255;background-checks-data;public_db_personal_identity_score;10;3;12/10/2023;DO4XC49EM95DE
3713;75706;12255;background-checks-data;public_db_criminal_record_score;10;3;12/10/2023;DO4XC49EM95DE
3714;75706;12255;background-checks-data;public_db_legal_background_score;10;3;12/10/2023;DO4XC49EM95DE
3715;75706;12255;background-checks-data;public_db_international_background_score;10;3;12/10/2023;DO4XC49EM95DE
3716;75706;12255;background-checks-data;public_db_professional_background_score;10;3;12/10/2023;DO4XC49EM95DE
3717;75706;12255;background-checks-data;public_db_affiliations_and_insurances_score;10;3;12/10/2023;DO4XC49EM95DE
3718;75706;12255;background-checks-data;public_db_alert_in_media_score;10;3;12/10/2023;DO4XC49EM95DE
3719;75706;12255;background-checks-data;public_db_taxes_and_finances_score;10;3;12/10/2023;DO4XC49EM95DE
3720;75706;12255;background-checks-data;table data_proceso_judicial;;3;12/10/2023;DO4XC49EM95DE
3721;75706;12255;snr-data;snr_result;found;3;12/10/2023;DO4XC49EM95DE
3722;75706;12255;snr-data;snr_check_id;F20231004142338U12255S75706;3;12/10/2023;DO4XC49EM95DE
3723;75706;12255;snr-data;snr_check_id_date;4/10/2023 14:23;3;12/10/2023;DO4XC49EM95DE
3724;75706;12255;snr-data;snr_no_records;1;3;12/10/2023;DO4XC49EM95DE
3725;75706;12255;snr-data;snr_no_unique_id_number;1;3;12/10/2023;DO4XC49EM95DE
3726;75706;12255;snr-data;snr_estimated_unique_properties;1;3;12/10/2023;DO4XC49EM95DE
3727;75706;16157;personal-data;id_user;16157;3;12/10/2023;DO4XC49EM95DE
3728;75706;16157;personal-data;id_type_debtor;2;3;12/10/2023;DO4XC49EM95DE
3729;75706;16157;personal-data;debtor_full_name;;3;12/10/2023;DO4XC49EM95DE
3730;75706;16157;personal-data;debtor_age;42;3;12/10/2023;DO4XC49EM95DE
3731;75706;16157;personal-data;debtor_gender;male;3;12/10/2023;DO4XC49EM95DE
3732;75706;16157;personal-data;debtor_type_dni;cc;3;12/10/2023;DO4XC49EM95DE
3733;75706;16157;personal-data;debtor_dni;15387141;3;12/10/2023;DO4XC49EM95DE
3734;75706;16157;personal-data;id_debtor_nacionality;43;3;12/10/2023;DO4XC49EM95DE
3735;75706;16157;personal-data;id_debtor_country_residence;52;3;12/10/2023;DO4XC49EM95DE
3736;75706;16157;personal-data;id_debtor_dept_residence;5;3;12/10/2023;DO4XC49EM95DE
3737;75706;16157;personal-data;id_debtor_mun_residence;772;3;12/10/2023;DO4XC49EM95DE
3738;75706;16157;personal-data;debtor_date_birth;13/03/1981;3;12/10/2023;DO4XC49EM95DE
3739;75706;16157;personal-data;debtor_marital_status;common law marriage;3;12/10/2023;DO4XC49EM95DE
3740;75706;16157;personal-data;debtor_social_stratum;4;3;12/10/2023;DO4XC49EM95DE
3741;75706;16157;personal-data;debtor_level_of_education;8/01/1900 0:00;3;12/10/2023;DO4XC49EM95DE
3742;75706;16157;personal-data;debtor_no_dependants;0;3;12/10/2023;DO4XC49EM95DE
3743;75706;16157;personal-data;debtor_file_tax_reports;yes;3;12/10/2023;DO4XC49EM95DE
3744;75706;16157;personal-data;debtor_tenure_at_curr_address;1;3;12/10/2023;DO4XC49EM95DE
3745;75706;16157;personal-data;debtor_abroad_residence;no;3;12/10/2023;DO4XC49EM95DE
3746;75706;16157;personal-data;debtor_reports_credit_agency;no;3;12/10/2023;DO4XC49EM95DE
3747;75706;16157;personal-data;debtor_reports_credit_agency_party;;3;12/10/2023;DO4XC49EM95DE
3748;75706;16157;personal-data;debtor_reports_credit_agency_party_other;;3;12/10/2023;DO4XC49EM95DE
3749;75706;16157;labour-data;debtor_employment_status;self-employed;3;12/10/2023;DO4XC49EM95DE
3750;75706;16157;labour-data;id_debtor_range_of_income;13;3;12/10/2023;DO4XC49EM95DE
3751;75706;16157;labour-data;payroll_frequency;30;3;12/10/2023;DO4XC49EM95DE
3752;75706;16157;labour-data;id_debtor_bank;4;3;12/10/2023;DO4XC49EM95DE
3753;75706;16157;labour-data;id_debtor_occupation;31;3;12/10/2023;DO4XC49EM95DE
3754;75706;16157;labour-data;debtor_occupation;ingenieros industriales y de produccion;3;12/10/2023;DO4XC49EM95DE
3755;75706;16157;labour-data;id_debtor_position;0;3;12/10/2023;DO4XC49EM95DE
3756;75706;16157;labour-data;debtor_position;0;3;12/10/2023;DO4XC49EM95DE
3757;75706;16157;labour-data;debtor_business_type;;3;12/10/2023;DO4XC49EM95DE
3758;75706;16157;labour-data;debtor_business_name;;3;12/10/2023;DO4XC49EM95DE
3759;75706;16157;labour-data;debtor_business_date_admission;;3;12/10/2023;DO4XC49EM95DE
3760;75706;16157;labour-data;debtor_duration_of_curr_employment;0;3;12/10/2023;DO4XC49EM95DE
3761;75706;16157;labour-data;debtor_years_experience;15;3;12/10/2023;DO4XC49EM95DE
3762;75706;16157;labour-data;id_debtor_business_activity;4;3;12/10/2023;DO4XC49EM95DE
3763;75706;16157;labour-data;debtor_business_activity;consultorías - asesorías ;3;12/10/2023;DO4XC49EM95DE
3764;75706;16157;labour-data;debtor_business_phone;;3;12/10/2023;DO4XC49EM95DE
3765;75706;16157;labour-data;debtor_type_of_employment_contract;no-contract;3;12/10/2023;DO4XC49EM95DE
3766;75706;16157;labour-data;debtor_business_registration;no;3;12/10/2023;DO4XC49EM95DE
3767;75706;16157;labour-data;debtor_business_tin;;3;12/10/2023;DO4XC49EM95DE
3768;75706;16157;labour-data;id_debtor_other_income;0;3;12/10/2023;DO4XC49EM95DE
3769;75706;16157;labour-data;table data_centrales_riesgo_obligaciones;;3;12/10/2023;DO4XC49EM95DE
3770;75706;16157;credit-bureau-data;report_result;found;3;12/10/2023;DO4XC49EM95DE
3771;75706;16157;credit-bureau-data;report_checkid;2,11E+19;3;12/10/2023;DO4XC49EM95DE
3772;75706;16157;credit-bureau-data;report_date;10/04/2023 9:43;3;12/10/2023;DO4XC49EM95DE
3773;75706;16157;credit-bureau-data;debtor_credit_agency;transunion;3;12/10/2023;DO4XC49EM95DE
3774;75706;16157;credit-bureau-data;debtor_credit_score;582;3;12/10/2023;DO4XC49EM95DE
3775;75706;16157;credit-bureau-data;debtor_default_loans;0;3;12/10/2023;DO4XC49EM95DE
3776;75706;16157;credit-bureau-data;debtor_credit_agency_min_probable_income;$ 12.234.753,00;3;12/10/2023;DO4XC49EM95DE
3777;75706;16157;credit-bureau-data;debtor_payment_capacity;870154;3;12/10/2023;DO4XC49EM95DE
3778;75706;16157;credit-bureau-data;debtor_current_loan_value;214775;3;12/10/2023;DO4XC49EM95DE
3779;75706;16157;credit-bureau-data;debtor_current_no_loans;6;3;12/10/2023;DO4XC49EM95DE
3780;75706;16157;credit-bureau-data;debtor_current_total_payment;5192;3;12/10/2023;DO4XC49EM95DE
3781;75706;16157;credit-bureau-data;debtor_current_delinquency_value;$ 746,00;3;12/10/2023;DO4XC49EM95DE
3782;75706;16157;credit-bureau-data;debtor_current_no_loans_w_bad_reports;1;3;12/10/2023;DO4XC49EM95DE
3783;75706;16157;credit-bureau-data;debtor_total_loan_value;259851;3;12/10/2023;DO4XC49EM95DE
3784;75706;16157;credit-bureau-data;debtor_total_no_loans;27;3;12/10/2023;DO4XC49EM95DE
3785;75706;16157;credit-bureau-data;debtor_total_highest_loan_value;162677;3;12/10/2023;DO4XC49EM95DE
3786;75706;16157;credit-bureau-data;debtor_total_no_bad_reports;2;3;12/10/2023;DO4XC49EM95DE
3787;75706;16157;credit-bureau-data;debtor_total_max_bad_reports;2;3;12/10/2023;DO4XC49EM95DE
3788;75706;16157;credit-bureau-data;debtor_total_no_loans_w_bad_reports;1;3;12/10/2023;DO4XC49EM95DE
3789;75706;16157;credit-bureau-data;debtor_total_no_similar_loans;1;3;12/10/2023;DO4XC49EM95DE
3790;75706;16157;credit-bureau-data;debtor_closed_loan_value;45274;3;12/10/2023;DO4XC49EM95DE
3791;75706;16157;credit-bureau-data;debtor_closed_no_loans;22;3;12/10/2023;DO4XC49EM95DE
3792;75706;16157;credit-bureau-data;debtor_closed_highest_loan_value;16300;3;12/10/2023;DO4XC49EM95DE
3793;75706;16157;credit-bureau-data;debtor_closed_no_bad_reports;0;3;12/10/2023;DO4XC49EM95DE
3794;75706;16157;credit-bureau-data;debtor_closed_max_bad_reports;0;3;12/10/2023;DO4XC49EM95DE
3795;75706;16157;credit-bureau-data;debtor_closed_no_loans_w_bad_reports;0;3;12/10/2023;DO4XC49EM95DE
3796;75706;16157;credit-bureau-data;debtor_closed_no_similar_loans;0;3;12/10/2023;DO4XC49EM95DE
3797;75706;16157;credit-bureau-data;debtor_current_highest_loan_value;162677;3;12/10/2023;DO4XC49EM95DE
3798;75706;16157;credit-bureau-data;debtor_current_no_bad_reports;2;3;12/10/2023;DO4XC49EM95DE
3799;75706;16157;credit-bureau-data;debtor_current_max_bad_reports;2;3;12/10/2023;DO4XC49EM95DE
3800;75706;16157;credit-bureau-data;debtor_current_no_loans_w_bad_reports;1/01/1900;3;12/10/2023;DO4XC49EM95DE
3801;75706;16157;credit-bureau-data;debtor_current_no_similar_loans;$ 1,00;3;12/10/2023;DO4XC49EM95DE
3802;75706;16157;credit-bureau-data;debtor_current_no_tcr;$ 1,00;3;12/10/2023;DO4XC49EM95DE
3803;75706;16157;credit-bureau-data;debtor_current_tcr_initial_limit;18700;3;12/10/2023;DO4XC49EM95DE
3804;75706;16157;credit-bureau-data;debtor_current_tcr_value;19280;3;12/10/2023;DO4XC49EM95DE
3805;75706;16157;credit-bureau-data;debtor_current_tcr_usage;1,031016043;3;12/10/2023;DO4XC49EM95DE
3806;75706;16157;credit-bureau-data;table query_cr_obligaciones_1;;3;12/10/2023;DO4XC49EM95DE
3807;75706;16157;credit-bureau-data;table query_cr_obligaciones_2;;3;12/10/2023;DO4XC49EM95DE
3808;75706;16157;credit-bureau-data;table data_centrales_riesgo_obligaciones;;3;12/10/2023;DO4XC49EM95DE
3809;75706;16157;bank-statement-data;bank_statement_result;found;3;12/10/2023;DO4XC49EM95DE
3810;75706;16157;bank-statement-data;id_document;21831;3;12/10/2023;DO4XC49EM95DE
3811;75706;16157;bank-statement-data;bank_account_validation;1;3;12/10/2023;DO4XC49EM95DE
3812;75706;16157;bank-statement-data;bank_statement_no_days;92;3;12/10/2023;DO4XC49EM95DE
3813;75706;16157;bank-statement-data;bank_statement_max_days_passed;104;3;12/10/2023;DO4XC49EM95DE
3814;75706;16157;bank-statement-data;bank_no_records;53;3;12/10/2023;DO4XC49EM95DE
3815;75706;16157;bank-statement-data;bank_monthly_avg_blance;467346;3;12/10/2023;DO4XC49EM95DE
3816;75706;16157;bank-statement-data;bank_monthly_avg_credit_value;10110462,26;3;12/10/2023;DO4XC49EM95DE
3817;75706;16157;bank-statement-data;bank_monthly_avg_debit_value;10436800,41;3;12/10/2023;DO4XC49EM95DE
3818;75706;16157;bank-statement-data;bank_monthly_avg_payroll_value;0;3;12/10/2023;DO4XC49EM95DE
3819;75706;16157;bank-statement-data;bank_monthly_avg_no_credit_records;6;3;12/10/2023;DO4XC49EM95DE
3820;75706;16157;bank-statement-data;bank_monthly_avg_no_payroll_records;0;3;12/10/2023;DO4XC49EM95DE
3821;75706;16157;income-tax-return-data;tax_report_result;found;3;12/10/2023;DO4XC49EM95DE
3822;75706;16157;income-tax-return-data;tax_report_year;2022;3;12/10/2023;DO4XC49EM95DE
3823;75706;16157;income-tax-return-data;tax_report_total_income_value;70686000;3;12/10/2023;DO4XC49EM95DE
3824;75706;16157;income-tax-return-data;tax_report_total_assets_value;400038000;3;12/10/2023;DO4XC49EM95DE
3825;75706;16157;income-tax-return-data;tax_report_total_equity_value;189081000;3;12/10/2023;DO4XC49EM95DE
3826;75706;16157;income-tax-return-data;tax_report_total_debt_value;210957000;3;12/10/2023;DO4XC49EM95DE
3827;75706;16157;income-tax-return-data;tax_report_total_tax;0;3;12/10/2023;DO4XC49EM95DE
3828;75706;16157;income-tax-return-data;tax_report_value_to_pay;1049000;3;12/10/2023;DO4XC49EM95DE
3829;75706;16157;background-checks-data;public_db_result;found;3;12/10/2023;DO4XC49EM95DE
3830;75706;16157;background-checks-data;public_db_check_id;CHK0ff932a4303275250a6bfe1efc52938f;3;12/10/2023;DO4XC49EM95DE
3831;75706;16157;background-checks-data;public_db_check_id_date;4/10/2023 12:31;3;12/10/2023;DO4XC49EM95DE
3832;75706;16157;background-checks-data;public_db_no_lawsuits;5;3;12/10/2023;DO4XC49EM95DE
3833;75706;16157;background-checks-data;public_db_no_lawsuits_defendant;;3;12/10/2023;DO4XC49EM95DE
3834;75706;16157;background-checks-data;public_db_no_lawsuits_defendant_money;;3;12/10/2023;DO4XC49EM95DE
3835;75706;16157;background-checks-data;public_db_tax_responsable;no;3;12/10/2023;DO4XC49EM95DE
3836;75706;16157;background-checks-data;public_db_tax_responsable_bdme;;3;12/10/2023;DO4XC49EM95DE
3837;75706;16157;background-checks-data;public_db_medical_status;;3;12/10/2023;DO4XC49EM95DE
3838;75706;16157;background-checks-data;public_db_medical_regime;;3;12/10/2023;DO4XC49EM95DE
3839;75706;16157;background-checks-data;public_db_medical_type;;3;12/10/2023;DO4XC49EM95DE
3840;75706;16157;background-checks-data;public_db_pension_status;;3;12/10/2023;DO4XC49EM95DE
3841;75706;16157;background-checks-data;public_db_pension_regime;;3;12/10/2023;DO4XC49EM95DE
3842;75706;16157;background-checks-data;public_db_ccf_status;;3;12/10/2023;DO4XC49EM95DE
3843;75706;16157;background-checks-data;public_db_ccf_type;;3;12/10/2023;DO4XC49EM95DE
3844;75706;16157;background-checks-data;public_db_welfare_status;;3;12/10/2023;DO4XC49EM95DE
3845;75706;16157;background-checks-data;public_db_police_check_result;no presenta antecedentes;3;12/10/2023;DO4XC49EM95DE
3846;75706;16157;background-checks-data;public_db_check_dni;;3;12/10/2023;DO4XC49EM95DE
3847;75706;16157;background-checks-data;public_db_check_pedofile;not_found-unknown;3;12/10/2023;DO4XC49EM95DE
3848;75706;16157;background-checks-data;public_db_personal_identity_score;4;3;12/10/2023;DO4XC49EM95DE
3849;75706;16157;background-checks-data;public_db_criminal_record_score;10;3;12/10/2023;DO4XC49EM95DE
3850;75706;16157;background-checks-data;public_db_legal_background_score;10;3;12/10/2023;DO4XC49EM95DE
3851;75706;16157;background-checks-data;public_db_international_background_score;10/01/1900;3;12/10/2023;DO4XC49EM95DE
3852;75706;16157;background-checks-data;public_db_professional_background_score;10;3;12/10/2023;DO4XC49EM95DE
3853;75706;16157;background-checks-data;public_db_affiliations_and_insurances_score;10;3;12/10/2023;DO4XC49EM95DE
3854;75706;16157;background-checks-data;public_db_alert_in_media_score;10;3;12/10/2023;DO4XC49EM95DE
3855;75706;16157;background-checks-data;public_db_taxes_and_finances_score;10;3;12/10/2023;DO4XC49EM95DE
3856;75706;16157;background-checks-data;table data_proceso_judicial;;3;12/10/2023;DO4XC49EM95DE
3857;75706;16157;snr-data;snr_result;found;3;12/10/2023;DO4XC49EM95DE
3858;75706;16157;snr-data;snr_check_id;F20231004142455U16157S75706;3;12/10/2023;DO4XC49EM95DE
3859;75706;16157;snr-data;snr_check_id_date;4/10/2023 14:24;3;12/10/2023;DO4XC49EM95DE
3860;75706;16157;snr-data;snr_no_records;1;3;12/10/2023;DO4XC49EM95DE
3861;75706;16157;snr-data;snr_no_unique_id_number;1;3;12/10/2023;DO4XC49EM95DE
3862;75706;16157;snr-data;snr_estimated_unique_properties;1;3;12/10/2023;DO4XC49EM95DE
4181;65526;4167;general-loan-data;line_of_credit;3;3;19/10/2023;DG9TH63ZP77CN
4182;65526;4167;general-loan-data;type_of_loan;C;3;19/10/2023;DG9TH63ZP77CN
4183;65526;4167;general-loan-data;id_loan_request;65526;3;19/10/2023;DG9TH63ZP77CN
4184;65526;4167;general-loan-data;original_amount;$ 80.000.000,00;3;19/10/2023;DG9TH63ZP77CN
4185;65526;4167;general-loan-data;pct_interest_rate;0,305971629;3;19/10/2023;DG9TH63ZP77CN
4186;65526;4167;general-loan-data;loan_to_value_ratio;0,369444747;3;19/10/2023;DG9TH63ZP77CN
4187;65526;4167;general-loan-data;amortization_schedule;0;3;19/10/2023;DG9TH63ZP77CN
4188;65526;4167;general-loan-data;payment_frequency;30;3;19/10/2023;DG9TH63ZP77CN
4189;65526;4167;general-loan-data;value_monthly_payments;$ 1.799.591,00;3;19/10/2023;DG9TH63ZP77CN
4190;65526;4167;general-loan-data;loan_duration;120;3;19/10/2023;DG9TH63ZP77CN
4191;65526;4167;general-loan-data;no_debtors;1;3;19/10/2023;DG9TH63ZP77CN
4192;65526;4167;other-loan-data;use_of_funds;debt restructuring;3;19/10/2023;DG9TH63ZP77CN
4193;65526;4167;other-loan-data;advance_value;0;3;19/10/2023;DG9TH63ZP77CN
4194;65526;4167;other-loan-data;advance_use_of_funds;;3;19/10/2023;DG9TH63ZP77CN
4195;65526;4167;loan-scores;id_advisor;2503;3;19/10/2023;DG9TH63ZP77CN
4196;65526;4167;loan-scores;beauty_score;7;3;19/10/2023;DG9TH63ZP77CN
4197;65526;4167;loan-scores;cleaness_score;9;3;19/10/2023;DG9TH63ZP77CN
4198;65526;4167;loan-scores;advisor_score;9;3;19/10/2023;DG9TH63ZP77CN
4199;65526;4167;loan-scores;id_analist;6353;3;19/10/2023;DG9TH63ZP77CN
4200;65526;4167;loan-scores;analist_score;5;3;19/10/2023;DG9TH63ZP77CN
4201;65526;4167;loan-scores;id_inspector;0;3;19/10/2023;DG9TH63ZP77CN
4202;65526;4167;loan-scores;inspection_score;0;3;19/10/2023;DG9TH63ZP77CN
4203;65526;4167;collateral-data;id_collateral;331;3;19/10/2023;DG9TH63ZP77CN
4204;65526;4167;collateral-data;type_collateral;apartamento;3;19/10/2023;DG9TH63ZP77CN
4205;65526;4167;collateral-data;id_location_collateral;107;3;19/10/2023;DG9TH63ZP77CN
4206;65526;4167;collateral-data;location_collateral;bogota d.c.;3;19/10/2023;DG9TH63ZP77CN
4207;65526;4167;collateral-data;collateral_identification_number;50N-20495491;3;19/10/2023;DG9TH63ZP77CN
4208;65526;4167;collateral-data;collateral_purchase_date;13/07/2011;3;19/10/2023;DG9TH63ZP77CN
4209;65526;4167;collateral-data;collateral_tax_value;$ 153.346.000,00;3;19/10/2023;DG9TH63ZP77CN
4210;65526;4167;collateral-data;collateral_commercial_value;$ 216.541.176,00;3;19/10/2023;DG9TH63ZP77CN
4211;65526;4167;collateral-data;collateral_tax_to_value_ratio;0,7082;3;19/10/2023;DG9TH63ZP77CN
4212;65526;4167;collateral-data;collateral_area;78;3;19/10/2023;DG9TH63ZP77CN
4213;65526;4167;collateral-data;collateral_condominium_status;yes;3;19/10/2023;DG9TH63ZP77CN
4214;65526;4167;collateral-data;collateral_tax_status;current;3;19/10/2023;DG9TH63ZP77CN
4215;65526;4167;collateral-data;collateral_tax_delinquency_value;0;3;19/10/2023;DG9TH63ZP77CN
4216;65526;4167;collateral-data;collateral_tax_no_delinquency_payments;0;3;19/10/2023;DG9TH63ZP77CN
4217;65526;4167;collateral-data;collateral_admin_status;current;3;19/10/2023;DG9TH63ZP77CN
4218;65526;4167;collateral-data;collateral_admin_delinquency_value;0;3;19/10/2023;DG9TH63ZP77CN
4219;65526;4167;collateral-data;collateral_admin_no_delinquency_payments;0;3;19/10/2023;DG9TH63ZP77CN
4220;65526;4167;collateral-taxes;tax_record_result;found;3;19/10/2023;DG9TH63ZP77CN
4221;65526;4167;collateral-taxes;tax_record_no_records;4;3;19/10/2023;DG9TH63ZP77CN
4222;65526;4167;collateral-taxes;tax_record_status;current;3;19/10/2023;DG9TH63ZP77CN
4223;65526;4167;collateral-taxes;tax_record_delinquency_value;0;3;19/10/2023;DG9TH63ZP77CN
4224;65526;4167;collateral-taxes;tax_record_no_delinquency_payments;0;3;19/10/2023;DG9TH63ZP77CN
4225;65526;4167;collateral-taxes;tax_record_validation;ok;3;19/10/2023;DG9TH63ZP77CN
4226;65526;4167;collateral-taxes;table data_tax_record;;3;19/10/2023;DG9TH63ZP77CN
4227;65526;4167;personal-data;id_user;4167;3;19/10/2023;DG9TH63ZP77CN
4228;65526;4167;personal-data;id_type_debtor;1;3;19/10/2023;DG9TH63ZP77CN
4229;65526;4167;personal-data;debtor_full_name;;3;19/10/2023;DG9TH63ZP77CN
4230;65526;4167;personal-data;debtor_age;50;3;19/10/2023;DG9TH63ZP77CN
4231;65526;4167;personal-data;debtor_gender;female;3;19/10/2023;DG9TH63ZP77CN
4232;65526;4167;personal-data;debtor_type_dni;cc;3;19/10/2023;DG9TH63ZP77CN
4233;65526;4167;personal-data;debtor_dni;52055995;3;19/10/2023;DG9TH63ZP77CN
4234;65526;4167;personal-data;id_debtor_nacionality;43;3;19/10/2023;DG9TH63ZP77CN
4235;65526;4167;personal-data;id_debtor_country_residence;52;3;19/10/2023;DG9TH63ZP77CN
4236;65526;4167;personal-data;id_debtor_dept_residence;11;3;19/10/2023;DG9TH63ZP77CN
4237;65526;4167;personal-data;id_debtor_mun_residence;107;3;19/10/2023;DG9TH63ZP77CN
4238;65526;4167;personal-data;debtor_date_birth;6/02/1973;3;19/10/2023;DG9TH63ZP77CN
4239;65526;4167;personal-data;debtor_marital_status;common law marriage;3;19/10/2023;DG9TH63ZP77CN
4240;65526;4167;personal-data;debtor_social_stratum;3;3;19/10/2023;DG9TH63ZP77CN
4241;65526;4167;personal-data;debtor_level_of_education;6/01/1900 0:00;3;19/10/2023;DG9TH63ZP77CN
4242;65526;4167;personal-data;debtor_no_dependants;0;3;19/10/2023;DG9TH63ZP77CN
4243;65526;4167;personal-data;debtor_file_tax_reports;yes;3;19/10/2023;DG9TH63ZP77CN
4244;65526;4167;personal-data;debtor_tenure_at_curr_address;15;3;19/10/2023;DG9TH63ZP77CN
4245;65526;4167;personal-data;debtor_abroad_residence;no;3;19/10/2023;DG9TH63ZP77CN
4246;65526;4167;personal-data;debtor_reports_credit_agency;no;3;19/10/2023;DG9TH63ZP77CN
4247;65526;4167;personal-data;debtor_reports_credit_agency_party;;3;19/10/2023;DG9TH63ZP77CN
4248;65526;4167;personal-data;debtor_reports_credit_agency_party_other;;3;19/10/2023;DG9TH63ZP77CN
4249;65526;4167;labour-data;debtor_employment_status;self-employed;3;19/10/2023;DG9TH63ZP77CN
4250;65526;4167;labour-data;id_debtor_range_of_income;9;3;19/10/2023;DG9TH63ZP77CN
4251;65526;4167;labour-data;payroll_frequency;30;3;19/10/2023;DG9TH63ZP77CN
4252;65526;4167;labour-data;id_debtor_bank;4;3;19/10/2023;DG9TH63ZP77CN
4253;65526;4167;labour-data;id_debtor_occupation;173;3;19/10/2023;DG9TH63ZP77CN
4254;65526;4167;labour-data;debtor_occupation;panaderos, pastelero y confiteros;3;19/10/2023;DG9TH63ZP77CN
4255;65526;4167;labour-data;id_debtor_position;0;3;19/10/2023;DG9TH63ZP77CN
4256;65526;4167;labour-data;debtor_position;0;3;19/10/2023;DG9TH63ZP77CN
4257;65526;4167;labour-data;debtor_business_type;;3;19/10/2023;DG9TH63ZP77CN
4258;65526;4167;labour-data;debtor_business_name;;3;19/10/2023;DG9TH63ZP77CN
4259;65526;4167;labour-data;debtor_business_date_admission;;3;19/10/2023;DG9TH63ZP77CN
4260;65526;4167;labour-data;debtor_duration_of_curr_employment;0;3;19/10/2023;DG9TH63ZP77CN
4261;65526;4167;labour-data;debtor_years_experience;17;3;19/10/2023;DG9TH63ZP77CN
4262;65526;4167;labour-data;id_debtor_business_activity;2;3;19/10/2023;DG9TH63ZP77CN
4263;65526;4167;labour-data;debtor_business_activity;alimentos y bebidas ;3;19/10/2023;DG9TH63ZP77CN
4264;65526;4167;labour-data;debtor_business_phone;;3;19/10/2023;DG9TH63ZP77CN
4265;65526;4167;labour-data;debtor_type_of_employment_contract;no-contract;3;19/10/2023;DG9TH63ZP77CN
4266;65526;4167;labour-data;debtor_business_registration;yes;3;19/10/2023;DG9TH63ZP77CN
4267;65526;4167;labour-data;debtor_business_tin;52055995-9;3;19/10/2023;DG9TH63ZP77CN
4268;65526;4167;labour-data;id_debtor_other_income;0;3;19/10/2023;DG9TH63ZP77CN
4269;65526;4167;labour-data;table data_centrales_riesgo_obligaciones;;3;19/10/2023;DG9TH63ZP77CN
4270;65526;4167;credit-bureau-data;report_result;found;3;19/10/2023;DG9TH63ZP77CN
4271;65526;4167;credit-bureau-data;report_checkid;2,12E+19;3;19/10/2023;DG9TH63ZP77CN
4272;65526;4167;credit-bureau-data;report_date;10/12/2023 15:51;3;19/10/2023;DG9TH63ZP77CN
4273;65526;4167;credit-bureau-data;debtor_credit_agency;transunion;3;19/10/2023;DG9TH63ZP77CN
4274;65526;4167;credit-bureau-data;debtor_credit_score;642;3;19/10/2023;DG9TH63ZP77CN
4275;65526;4167;credit-bureau-data;debtor_default_loans;0;3;19/10/2023;DG9TH63ZP77CN
4276;65526;4167;credit-bureau-data;debtor_credit_agency_min_probable_income;$ 3.725.200,00;3;19/10/2023;DG9TH63ZP77CN
4277;65526;4167;credit-bureau-data;debtor_payment_capacity;24274;3;19/10/2023;DG9TH63ZP77CN
4278;65526;4167;credit-bureau-data;debtor_current_loan_value;41218;3;19/10/2023;DG9TH63ZP77CN
4279;65526;4167;credit-bureau-data;debtor_current_no_loans;20;3;19/10/2023;DG9TH63ZP77CN
4280;65526;4167;credit-bureau-data;debtor_current_total_payment;6451;3;19/10/2023;DG9TH63ZP77CN
4281;65526;4167;credit-bureau-data;debtor_current_delinquency_value;$ 111,00;3;19/10/2023;DG9TH63ZP77CN
4282;65526;4167;credit-bureau-data;debtor_current_no_loans_w_bad_reports;0;3;19/10/2023;DG9TH63ZP77CN
4283;65526;4167;credit-bureau-data;debtor_total_loan_value;99103;3;19/10/2023;DG9TH63ZP77CN
4284;65526;4167;credit-bureau-data;debtor_total_no_loans;95;3;19/10/2023;DG9TH63ZP77CN
4285;65526;4167;credit-bureau-data;debtor_total_highest_loan_value;12750;3;19/10/2023;DG9TH63ZP77CN
4286;65526;4167;credit-bureau-data;debtor_total_no_bad_reports;0;3;19/10/2023;DG9TH63ZP77CN
4287;65526;4167;credit-bureau-data;debtor_total_max_bad_reports;0;3;19/10/2023;DG9TH63ZP77CN
4288;65526;4167;credit-bureau-data;debtor_total_no_loans_w_bad_reports;0;3;19/10/2023;DG9TH63ZP77CN
4289;65526;4167;credit-bureau-data;debtor_total_no_similar_loans;0;3;19/10/2023;DG9TH63ZP77CN
4290;65526;4167;credit-bureau-data;debtor_closed_loan_value;57639;3;19/10/2023;DG9TH63ZP77CN
4291;65526;4167;credit-bureau-data;debtor_closed_no_loans;81;3;19/10/2023;DG9TH63ZP77CN
4292;65526;4167;credit-bureau-data;debtor_closed_highest_loan_value;12750;3;19/10/2023;DG9TH63ZP77CN
4293;65526;4167;credit-bureau-data;debtor_closed_no_bad_reports;0;3;19/10/2023;DG9TH63ZP77CN
4294;65526;4167;credit-bureau-data;debtor_closed_max_bad_reports;0;3;19/10/2023;DG9TH63ZP77CN
4295;65526;4167;credit-bureau-data;debtor_closed_no_loans_w_bad_reports;0;3;19/10/2023;DG9TH63ZP77CN
4296;65526;4167;credit-bureau-data;debtor_closed_no_similar_loans;0;3;19/10/2023;DG9TH63ZP77CN
4297;65526;4167;credit-bureau-data;debtor_current_highest_loan_value;10000;3;19/10/2023;DG9TH63ZP77CN
4298;65526;4167;credit-bureau-data;debtor_current_no_bad_reports;0;3;19/10/2023;DG9TH63ZP77CN
4299;65526;4167;credit-bureau-data;debtor_current_max_bad_reports;0;3;19/10/2023;DG9TH63ZP77CN
4300;65526;4167;credit-bureau-data;debtor_current_no_loans_w_bad_reports;0/01/1900;3;19/10/2023;DG9TH63ZP77CN
4301;65526;4167;credit-bureau-data;debtor_current_no_similar_loans;$ 0,00;3;19/10/2023;DG9TH63ZP77CN
4302;65526;4167;credit-bureau-data;debtor_current_no_tcr;$ 3,00;3;19/10/2023;DG9TH63ZP77CN
4303;65526;4167;credit-bureau-data;debtor_current_tcr_initial_limit;14356;3;19/10/2023;DG9TH63ZP77CN
4304;65526;4167;credit-bureau-data;debtor_current_tcr_value;14265;3;19/10/2023;DG9TH63ZP77CN
4305;65526;4167;credit-bureau-data;debtor_current_tcr_usage;0,993661187;3;19/10/2023;DG9TH63ZP77CN
4306;65526;4167;credit-bureau-data;table query_cr_obligaciones_1;;3;19/10/2023;DG9TH63ZP77CN
4307;65526;4167;credit-bureau-data;table query_cr_obligaciones_2;;3;19/10/2023;DG9TH63ZP77CN
4308;65526;4167;credit-bureau-data;table data_centrales_riesgo_obligaciones;;3;19/10/2023;DG9TH63ZP77CN
4309;65526;4167;bank-statement-data;bank_statement_result;found;3;19/10/2023;DG9TH63ZP77CN
4310;65526;4167;bank-statement-data;id_document;22194;3;19/10/2023;DG9TH63ZP77CN
4311;65526;4167;bank-statement-data;bank_account_validation;1;3;19/10/2023;DG9TH63ZP77CN
4312;65526;4167;bank-statement-data;bank_statement_no_days;93;3;19/10/2023;DG9TH63ZP77CN
4313;65526;4167;bank-statement-data;bank_statement_max_days_passed;19;3;19/10/2023;DG9TH63ZP77CN
4314;65526;4167;bank-statement-data;bank_no_records;32;3;19/10/2023;DG9TH63ZP77CN
4315;65526;4167;bank-statement-data;bank_monthly_avg_blance;406967;3;19/10/2023;DG9TH63ZP77CN
4316;65526;4167;bank-statement-data;bank_monthly_avg_credit_value;4832591,6;3;19/10/2023;DG9TH63ZP77CN
4317;65526;4167;bank-statement-data;bank_monthly_avg_debit_value;4824065,92;3;19/10/2023;DG9TH63ZP77CN
4318;65526;4167;bank-statement-data;bank_monthly_avg_payroll_value;0;3;19/10/2023;DG9TH63ZP77CN
4319;65526;4167;bank-statement-data;bank_monthly_avg_no_credit_records;6;3;19/10/2023;DG9TH63ZP77CN
4320;65526;4167;bank-statement-data;bank_monthly_avg_no_payroll_records;0;3;19/10/2023;DG9TH63ZP77CN
4321;65526;4167;income-tax-return-data;tax_report_result;found;3;19/10/2023;DG9TH63ZP77CN
4322;65526;4167;income-tax-return-data;tax_report_year;2021;3;19/10/2023;DG9TH63ZP77CN
4323;65526;4167;income-tax-return-data;tax_report_total_income_value;$ 18.244.000,00;3;19/10/2023;DG9TH63ZP77CN
4324;65526;4167;income-tax-return-data;tax_report_total_assets_value;$ 317.479.000,00;3;19/10/2023;DG9TH63ZP77CN
4325;65526;4167;income-tax-return-data;tax_report_total_equity_value;$ 313.428.000,00;3;19/10/2023;DG9TH63ZP77CN
4326;65526;4167;income-tax-return-data;tax_report_total_debt_value;$ 4.051.000,00;3;19/10/2023;DG9TH63ZP77CN
4327;65526;4167;income-tax-return-data;tax_report_total_tax;$ 0,00;3;19/10/2023;DG9TH63ZP77CN
4328;65526;4167;income-tax-return-data;tax_report_value_to_pay;$ 0,00;3;19/10/2023;DG9TH63ZP77CN
4329;65526;4167;background-checks-data;public_db_result;found;3;19/10/2023;DG9TH63ZP77CN
4330;65526;4167;background-checks-data;public_db_check_id;CHK8101d7e9314001c32c337ecbf0c7be12;3;19/10/2023;DG9TH63ZP77CN
4331;65526;4167;background-checks-data;public_db_check_id_date;12/10/2023 12:08;3;19/10/2023;DG9TH63ZP77CN
4332;65526;4167;background-checks-data;public_db_no_lawsuits;;3;19/10/2023;DG9TH63ZP77CN
4333;65526;4167;background-checks-data;public_db_no_lawsuits_defendant;;3;19/10/2023;DG9TH63ZP77CN
4334;65526;4167;background-checks-data;public_db_no_lawsuits_defendant_money;;3;19/10/2023;DG9TH63ZP77CN
4335;65526;4167;background-checks-data;public_db_tax_responsable;no;3;19/10/2023;DG9TH63ZP77CN
4336;65526;4167;background-checks-data;public_db_tax_responsable_bdme;;3;19/10/2023;DG9TH63ZP77CN
4337;65526;4167;background-checks-data;public_db_medical_status;activo;3;19/10/2023;DG9TH63ZP77CN
4338;65526;4167;background-checks-data;public_db_medical_regime;contributivo;3;19/10/2023;DG9TH63ZP77CN
4339;65526;4167;background-checks-data;public_db_medical_type;beneficiario;3;19/10/2023;DG9TH63ZP77CN
4340;65526;4167;background-checks-data;public_db_pension_status;activo cotizante;3;19/10/2023;DG9TH63ZP77CN
4341;65526;4167;background-checks-data;public_db_pension_regime;pensiones: ahorro individual;3;19/10/2023;DG9TH63ZP77CN
4342;65526;4167;background-checks-data;public_db_ccf_status;activo;3;19/10/2023;DG9TH63ZP77CN
4343;65526;4167;background-checks-data;public_db_ccf_type;;3;19/10/2023;DG9TH63ZP77CN
4344;65526;4167;background-checks-data;public_db_welfare_status;;3;19/10/2023;DG9TH63ZP77CN
4345;65526;4167;background-checks-data;public_db_police_check_result;no presenta antecedentes;3;19/10/2023;DG9TH63ZP77CN
4346;65526;4167;background-checks-data;public_db_check_dni;vigente;3;19/10/2023;DG9TH63ZP77CN
4347;65526;4167;background-checks-data;public_db_check_pedofile;found-none;3;19/10/2023;DG9TH63ZP77CN
4348;65526;4167;background-checks-data;public_db_personal_identity_score;10;3;19/10/2023;DG9TH63ZP77CN
4349;65526;4167;background-checks-data;public_db_criminal_record_score;10;3;19/10/2023;DG9TH63ZP77CN
4350;65526;4167;background-checks-data;public_db_legal_background_score;10;3;19/10/2023;DG9TH63ZP77CN
4351;65526;4167;background-checks-data;public_db_international_background_score;10/01/1900;3;19/10/2023;DG9TH63ZP77CN
4352;65526;4167;background-checks-data;public_db_professional_background_score;10;3;19/10/2023;DG9TH63ZP77CN
4353;65526;4167;background-checks-data;public_db_affiliations_and_insurances_score;10;3;19/10/2023;DG9TH63ZP77CN
4354;65526;4167;background-checks-data;public_db_alert_in_media_score;10;3;19/10/2023;DG9TH63ZP77CN
4355;65526;4167;background-checks-data;public_db_taxes_and_finances_score;10;3;19/10/2023;DG9TH63ZP77CN
4356;65526;4167;background-checks-data;table data_proceso_judicial;;3;19/10/2023;DG9TH63ZP77CN
4357;65526;4167;snr-data;snr_result;found;3;19/10/2023;DG9TH63ZP77CN
4358;65526;4167;snr-data;snr_check_id;F20231012170935U4167S65526;3;19/10/2023;DG9TH63ZP77CN
4359;65526;4167;snr-data;snr_check_id_date;12/10/2023 17:09;3;19/10/2023;DG9TH63ZP77CN
4360;65526;4167;snr-data;snr_no_records;3;3;19/10/2023;DG9TH63ZP77CN
4361;65526;4167;snr-data;snr_no_unique_id_number;3;3;19/10/2023;DG9TH63ZP77CN
4362;65526;4167;snr-data;snr_estimated_unique_properties;manual_review;3;19/10/2023;DG9TH63ZP77CN
4363;75729;12262;general-loan-data;line_of_credit;3;3;19/10/2023;DM9XN76LX45QV
4364;75729;12262;general-loan-data;type_of_loan;C;3;19/10/2023;DM9XN76LX45QV
4365;75729;12262;general-loan-data;id_loan_request;75729;3;19/10/2023;DM9XN76LX45QV
4366;75729;12262;general-loan-data;original_amount;$ 60.000.000,00;3;19/10/2023;DM9XN76LX45QV
4367;75729;12262;general-loan-data;pct_interest_rate;0,322102832;3;19/10/2023;DM9XN76LX45QV
4368;75729;12262;general-loan-data;loan_to_value_ratio;0,498987654;3;19/10/2023;DM9XN76LX45QV
4369;75729;12262;general-loan-data;amortization_schedule;0;3;19/10/2023;DM9XN76LX45QV
4370;75729;12262;general-loan-data;payment_frequency;30;3;19/10/2023;DM9XN76LX45QV
4371;75729;12262;general-loan-data;value_monthly_payments;$ 1.412.487,00;3;19/10/2023;DM9XN76LX45QV
4372;75729;12262;general-loan-data;loan_duration;48;3;19/10/2023;DM9XN76LX45QV
4373;75729;12262;general-loan-data;no_debtors;2;3;19/10/2023;DM9XN76LX45QV
4374;75729;12262;other-loan-data;use_of_funds;other expenses;3;19/10/2023;DM9XN76LX45QV
4375;75729;12262;other-loan-data;advance_value;0;3;19/10/2023;DM9XN76LX45QV
4376;75729;12262;other-loan-data;advance_use_of_funds;;3;19/10/2023;DM9XN76LX45QV
4377;75729;12262;loan-scores;id_advisor;7936;3;19/10/2023;DM9XN76LX45QV
4378;75729;12262;loan-scores;beauty_score;8;3;19/10/2023;DM9XN76LX45QV
4379;75729;12262;loan-scores;cleaness_score;8;3;19/10/2023;DM9XN76LX45QV
4380;75729;12262;loan-scores;advisor_score;8;3;19/10/2023;DM9XN76LX45QV
4381;75729;12262;loan-scores;id_analist;6353;3;19/10/2023;DM9XN76LX45QV
4382;75729;12262;loan-scores;analist_score;5;3;19/10/2023;DM9XN76LX45QV
4383;75729;12262;loan-scores;id_inspector;0;3;19/10/2023;DM9XN76LX45QV
4384;75729;12262;loan-scores;inspection_score;0;3;19/10/2023;DM9XN76LX45QV
4385;75729;12262;collateral-data;id_collateral;948;3;19/10/2023;DM9XN76LX45QV
4386;75729;12262;collateral-data;type_collateral;casa;3;19/10/2023;DM9XN76LX45QV
4387;75729;12262;collateral-data;id_location_collateral;337;3;19/10/2023;DM9XN76LX45QV
4388;75729;12262;collateral-data;location_collateral;flandes;3;19/10/2023;DM9XN76LX45QV
4389;75729;12262;collateral-data;collateral_identification_number;357-29633;3;19/10/2023;DM9XN76LX45QV
4390;75729;12262;collateral-data;collateral_purchase_date;8/04/2022;3;19/10/2023;DM9XN76LX45QV
4391;75729;12262;collateral-data;collateral_tax_value;$ 28.545.000,00;3;19/10/2023;DM9XN76LX45QV
4392;75729;12262;collateral-data;collateral_commercial_value;$ 120.243.456,00;3;19/10/2023;DM9XN76LX45QV
4393;75729;12262;collateral-data;collateral_tax_to_value_ratio;0,2374;3;19/10/2023;DM9XN76LX45QV
4394;75729;12262;collateral-data;collateral_area;72;3;19/10/2023;DM9XN76LX45QV
4395;75729;12262;collateral-data;collateral_condominium_status;yes;3;19/10/2023;DM9XN76LX45QV
4396;75729;12262;collateral-data;collateral_tax_status;current;3;19/10/2023;DM9XN76LX45QV
4397;75729;12262;collateral-data;collateral_tax_delinquency_value;0;3;19/10/2023;DM9XN76LX45QV
4398;75729;12262;collateral-data;collateral_tax_no_delinquency_payments;0;3;19/10/2023;DM9XN76LX45QV
4399;75729;12262;collateral-data;collateral_admin_status;current;3;19/10/2023;DM9XN76LX45QV
4400;75729;12262;collateral-data;collateral_admin_delinquency_value;0;3;19/10/2023;DM9XN76LX45QV
4401;75729;12262;collateral-data;collateral_admin_no_delinquency_payments;0;3;19/10/2023;DM9XN76LX45QV
4402;75729;12262;collateral-taxes;tax_record_result;found;3;19/10/2023;DM9XN76LX45QV
4403;75729;12262;collateral-taxes;tax_record_no_records;1;3;19/10/2023;DM9XN76LX45QV
4404;75729;12262;collateral-taxes;tax_record_status;delinquent;3;19/10/2023;DM9XN76LX45QV
4405;75729;12262;collateral-taxes;tax_record_delinquency_value;0;3;19/10/2023;DM9XN76LX45QV
4406;75729;12262;collateral-taxes;tax_record_no_delinquency_payments;1;3;19/10/2023;DM9XN76LX45QV
4407;75729;12262;collateral-taxes;tax_record_validation;inconsistent;3;19/10/2023;DM9XN76LX45QV
4408;75729;12262;collateral-taxes;table data_tax_record;;3;19/10/2023;DM9XN76LX45QV
4409;75729;12262;personal-data;id_user;12262;3;19/10/2023;DM9XN76LX45QV
4410;75729;12262;personal-data;id_type_debtor;1;3;19/10/2023;DM9XN76LX45QV
4411;75729;12262;personal-data;debtor_full_name;;3;19/10/2023;DM9XN76LX45QV
4412;75729;12262;personal-data;debtor_age;64;3;19/10/2023;DM9XN76LX45QV
4413;75729;12262;personal-data;debtor_gender;male;3;19/10/2023;DM9XN76LX45QV
4414;75729;12262;personal-data;debtor_type_dni;cc;3;19/10/2023;DM9XN76LX45QV
4415;75729;12262;personal-data;debtor_dni;19372985;3;19/10/2023;DM9XN76LX45QV
4416;75729;12262;personal-data;id_debtor_nacionality;43;3;19/10/2023;DM9XN76LX45QV
4417;75729;12262;personal-data;id_debtor_country_residence;52;3;19/10/2023;DM9XN76LX45QV
4418;75729;12262;personal-data;id_debtor_dept_residence;73;3;19/10/2023;DM9XN76LX45QV
4419;75729;12262;personal-data;id_debtor_mun_residence;337;3;19/10/2023;DM9XN76LX45QV
4420;75729;12262;personal-data;debtor_date_birth;14/07/1959;3;19/10/2023;DM9XN76LX45QV
4421;75729;12262;personal-data;debtor_marital_status;common law marriage;3;19/10/2023;DM9XN76LX45QV
4422;75729;12262;personal-data;debtor_social_stratum;3;3;19/10/2023;DM9XN76LX45QV
4423;75729;12262;personal-data;debtor_level_of_education;6/01/1900 0:00;3;19/10/2023;DM9XN76LX45QV
4424;75729;12262;personal-data;debtor_no_dependants;1;3;19/10/2023;DM9XN76LX45QV
4425;75729;12262;personal-data;debtor_file_tax_reports;yes;3;19/10/2023;DM9XN76LX45QV
4426;75729;12262;personal-data;debtor_tenure_at_curr_address;1;3;19/10/2023;DM9XN76LX45QV
4427;75729;12262;personal-data;debtor_abroad_residence;yes;3;19/10/2023;DM9XN76LX45QV
4428;75729;12262;personal-data;debtor_reports_credit_agency;no;3;19/10/2023;DM9XN76LX45QV
4429;75729;12262;personal-data;debtor_reports_credit_agency_party;;3;19/10/2023;DM9XN76LX45QV
4430;75729;12262;personal-data;debtor_reports_credit_agency_party_other;;3;19/10/2023;DM9XN76LX45QV
4431;75729;12262;labour-data;debtor_employment_status;self-employed;3;19/10/2023;DM9XN76LX45QV
4432;75729;12262;labour-data;id_debtor_range_of_income;9;3;19/10/2023;DM9XN76LX45QV
4433;75729;12262;labour-data;payroll_frequency;30;3;19/10/2023;DM9XN76LX45QV
4434;75729;12262;labour-data;id_debtor_bank;17;3;19/10/2023;DM9XN76LX45QV
4435;75729;12262;labour-data;id_debtor_occupation;356;3;19/10/2023;DM9XN76LX45QV
4436;75729;12262;labour-data;debtor_occupation;otros;3;19/10/2023;DM9XN76LX45QV
4437;75729;12262;labour-data;id_debtor_position;0;3;19/10/2023;DM9XN76LX45QV
4438;75729;12262;labour-data;debtor_position;0;3;19/10/2023;DM9XN76LX45QV
4439;75729;12262;labour-data;debtor_business_type;;3;19/10/2023;DM9XN76LX45QV
4440;75729;12262;labour-data;debtor_business_name;;3;19/10/2023;DM9XN76LX45QV
4441;75729;12262;labour-data;debtor_business_date_admission;;3;19/10/2023;DM9XN76LX45QV
4442;75729;12262;labour-data;debtor_duration_of_curr_employment;0;3;19/10/2023;DM9XN76LX45QV
4443;75729;12262;labour-data;debtor_years_experience;7;3;19/10/2023;DM9XN76LX45QV
4444;75729;12262;labour-data;id_debtor_business_activity;17;3;19/10/2023;DM9XN76LX45QV
4445;75729;12262;labour-data;debtor_business_activity;servicios ;3;19/10/2023;DM9XN76LX45QV
4446;75729;12262;labour-data;debtor_business_phone;;3;19/10/2023;DM9XN76LX45QV
4447;75729;12262;labour-data;debtor_type_of_employment_contract;no-contract;3;19/10/2023;DM9XN76LX45QV
4448;75729;12262;labour-data;debtor_business_registration;no;3;19/10/2023;DM9XN76LX45QV
4449;75729;12262;labour-data;debtor_business_tin;;3;19/10/2023;DM9XN76LX45QV
4450;75729;12262;labour-data;id_debtor_other_income;0;3;19/10/2023;DM9XN76LX45QV
4451;75729;12262;labour-data;table data_centrales_riesgo_obligaciones;;3;19/10/2023;DM9XN76LX45QV
4452;75729;12262;credit-bureau-data;report_result;found;3;19/10/2023;DM9XN76LX45QV
4453;75729;12262;credit-bureau-data;report_checkid;2,13E+19;3;19/10/2023;DM9XN76LX45QV
4454;75729;12262;credit-bureau-data;report_date;17/10/2023 12:20;3;19/10/2023;DM9XN76LX45QV
4455;75729;12262;credit-bureau-data;debtor_credit_agency;transunion;3;19/10/2023;DM9XN76LX45QV
4456;75729;12262;credit-bureau-data;debtor_credit_score;665;3;19/10/2023;DM9XN76LX45QV
4457;75729;12262;credit-bureau-data;debtor_default_loans;0;3;19/10/2023;DM9XN76LX45QV
4458;75729;12262;credit-bureau-data;debtor_credit_agency_min_probable_income;1265267;3;19/10/2023;DM9XN76LX45QV
4459;75729;12262;credit-bureau-data;debtor_payment_capacity;-102009;3;19/10/2023;DM9XN76LX45QV
4460;75729;12262;credit-bureau-data;debtor_current_loan_value;38;3;19/10/2023;DM9XN76LX45QV
4461;75729;12262;credit-bureau-data;debtor_current_no_loans;4;3;19/10/2023;DM9XN76LX45QV
4462;75729;12262;credit-bureau-data;debtor_current_total_payment;151;3;19/10/2023;DM9XN76LX45QV
4463;75729;12262;credit-bureau-data;debtor_current_delinquency_value;51;3;19/10/2023;DM9XN76LX45QV
4464;75729;12262;credit-bureau-data;debtor_current_no_loans_w_bad_reports;1;3;19/10/2023;DM9XN76LX45QV
4465;75729;12262;credit-bureau-data;debtor_total_loan_value;35016;3;19/10/2023;DM9XN76LX45QV
4466;75729;12262;credit-bureau-data;debtor_total_no_loans;12/01/1900;3;19/10/2023;DM9XN76LX45QV
4467;75729;12262;credit-bureau-data;debtor_total_highest_loan_value;10000;3;19/10/2023;DM9XN76LX45QV
4468;75729;12262;credit-bureau-data;debtor_total_no_bad_reports;4;3;19/10/2023;DM9XN76LX45QV
4469;75729;12262;credit-bureau-data;debtor_total_max_bad_reports;3;3;19/10/2023;DM9XN76LX45QV
4470;75729;12262;credit-bureau-data;debtor_total_no_loans_w_bad_reports;1;3;19/10/2023;DM9XN76LX45QV
4471;75729;12262;credit-bureau-data;debtor_total_no_similar_loans;0;3;19/10/2023;DM9XN76LX45QV
4472;75729;12262;credit-bureau-data;debtor_closed_loan_value;32439;3;19/10/2023;DM9XN76LX45QV
4473;75729;12262;credit-bureau-data;debtor_closed_no_loans;10;3;19/10/2023;DM9XN76LX45QV
4474;75729;12262;credit-bureau-data;debtor_closed_highest_loan_value;10000;3;19/10/2023;DM9XN76LX45QV
4475;75729;12262;credit-bureau-data;debtor_closed_no_bad_reports;0;3;19/10/2023;DM9XN76LX45QV
4476;75729;12262;credit-bureau-data;debtor_closed_max_bad_reports;0;3;19/10/2023;DM9XN76LX45QV
4477;75729;12262;credit-bureau-data;debtor_closed_no_loans_w_bad_reports;0;3;19/10/2023;DM9XN76LX45QV
4478;75729;12262;credit-bureau-data;debtor_closed_no_similar_loans;0;3;19/10/2023;DM9XN76LX45QV
4479;75729;12262;credit-bureau-data;debtor_current_highest_loan_value;2477;3;19/10/2023;DM9XN76LX45QV
4480;75729;12262;credit-bureau-data;debtor_current_no_bad_reports;4;3;19/10/2023;DM9XN76LX45QV
4481;75729;12262;credit-bureau-data;debtor_current_max_bad_reports;3;3;19/10/2023;DM9XN76LX45QV
4482;75729;12262;credit-bureau-data;debtor_current_no_loans_w_bad_reports;1;3;19/10/2023;DM9XN76LX45QV
4483;75729;12262;credit-bureau-data;debtor_current_no_similar_loans;0;3;19/10/2023;DM9XN76LX45QV
4484;75729;12262;credit-bureau-data;debtor_current_no_tcr;1;3;19/10/2023;DM9XN76LX45QV
4485;75729;12262;credit-bureau-data;debtor_current_tcr_initial_limit;100;3;19/10/2023;DM9XN76LX45QV
4486;75729;12262;credit-bureau-data;debtor_current_tcr_value;0;3;19/10/2023;DM9XN76LX45QV
4487;75729;12262;credit-bureau-data;debtor_current_tcr_usage;0/01/1900;3;19/10/2023;DM9XN76LX45QV
4488;75729;12262;credit-bureau-data;table query_cr_obligaciones_1;;3;19/10/2023;DM9XN76LX45QV
4489;75729;12262;credit-bureau-data;table query_cr_obligaciones_2;;3;19/10/2023;DM9XN76LX45QV
4490;75729;12262;credit-bureau-data;table data_centrales_riesgo_obligaciones;;3;19/10/2023;DM9XN76LX45QV
4491;75729;12262;bank-statement-data;bank_statement_result;found;3;19/10/2023;DM9XN76LX45QV
4492;75729;12262;bank-statement-data;id_document;223.752.237.622.377;3;19/10/2023;DM9XN76LX45QV
4493;75729;12262;bank-statement-data;bank_account_validation;1,1,1;3;19/10/2023;DM9XN76LX45QV
4494;75729;12262;bank-statement-data;bank_statement_no_days;92;3;19/10/2023;DM9XN76LX45QV
4495;75729;12262;bank-statement-data;bank_statement_max_days_passed;80;3;19/10/2023;DM9XN76LX45QV
4496;75729;12262;bank-statement-data;bank_no_records;48;3;19/10/2023;DM9XN76LX45QV
4497;75729;12262;bank-statement-data;bank_monthly_avg_blance;1994923,497;3;19/10/2023;DM9XN76LX45QV
4498;75729;12262;bank-statement-data;bank_monthly_avg_credit_value;1333501,643;3;19/10/2023;DM9XN76LX45QV
4499;75729;12262;bank-statement-data;bank_monthly_avg_debit_value;2312969,333;3;19/10/2023;DM9XN76LX45QV
4500;75729;12262;bank-statement-data;bank_monthly_avg_payroll_value;0/01/1900 0:00;3;19/10/2023;DM9XN76LX45QV
4501;75729;12262;bank-statement-data;bank_monthly_avg_no_credit_records;0,3333;3;19/10/2023;DM9XN76LX45QV
4502;75729;12262;bank-statement-data;bank_monthly_avg_no_payroll_records;0;3;19/10/2023;DM9XN76LX45QV
4503;75729;12262;income-tax-return-data;tax_report_result;found;3;19/10/2023;DM9XN76LX45QV
4504;75729;12262;income-tax-return-data;tax_report_year;2022;3;19/10/2023;DM9XN76LX45QV
4505;75729;12262;income-tax-return-data;tax_report_total_income_value;$ 48.921.000,00;3;19/10/2023;DM9XN76LX45QV
4506;75729;12262;income-tax-return-data;tax_report_total_assets_value;$ 229.421.000,00;3;19/10/2023;DM9XN76LX45QV
4507;75729;12262;income-tax-return-data;tax_report_total_equity_value;$ 227.810.000,00;3;19/10/2023;DM9XN76LX45QV
4508;75729;12262;income-tax-return-data;tax_report_total_debt_value;$ 1.611.000,00;3;19/10/2023;DM9XN76LX45QV
4509;75729;12262;income-tax-return-data;tax_report_total_tax;$ 0,00;3;19/10/2023;DM9XN76LX45QV
4510;75729;12262;income-tax-return-data;tax_report_value_to_pay;$ 0,00;3;19/10/2023;DM9XN76LX45QV
4511;75729;12262;background-checks-data;public_db_result;found;3;19/10/2023;DM9XN76LX45QV
4512;75729;12262;background-checks-data;public_db_check_id;CHK65cec363ea39a189894e9f2375eb399b;3;19/10/2023;DM9XN76LX45QV
4513;75729;12262;background-checks-data;public_db_check_id_date;17/10/2023 14:41;3;19/10/2023;DM9XN76LX45QV
4514;75729;12262;background-checks-data;public_db_no_lawsuits;;3;19/10/2023;DM9XN76LX45QV
4515;75729;12262;background-checks-data;public_db_no_lawsuits_defendant;;3;19/10/2023;DM9XN76LX45QV
4516;75729;12262;background-checks-data;public_db_no_lawsuits_defendant_money;;3;19/10/2023;DM9XN76LX45QV
4517;75729;12262;background-checks-data;public_db_tax_responsable;no;3;19/10/2023;DM9XN76LX45QV
4518;75729;12262;background-checks-data;public_db_tax_responsable_bdme;;3;19/10/2023;DM9XN76LX45QV
4519;75729;12262;background-checks-data;public_db_medical_status;activo;3;19/10/2023;DM9XN76LX45QV
4520;75729;12262;background-checks-data;public_db_medical_regime;contributivo;3;19/10/2023;DM9XN76LX45QV
4521;75729;12262;background-checks-data;public_db_medical_type;beneficiario;3;19/10/2023;DM9XN76LX45QV
4522;75729;12262;background-checks-data;public_db_pension_status;retirado;3;19/10/2023;DM9XN76LX45QV
4523;75729;12262;background-checks-data;public_db_pension_regime;pensiones: ahorro individual;3;19/10/2023;DM9XN76LX45QV
4524;75729;12262;background-checks-data;public_db_ccf_status;;3;19/10/2023;DM9XN76LX45QV
4525;75729;12262;background-checks-data;public_db_ccf_type;;3;19/10/2023;DM9XN76LX45QV
4526;75729;12262;background-checks-data;public_db_welfare_status;;3;19/10/2023;DM9XN76LX45QV
4527;75729;12262;background-checks-data;public_db_police_check_result;no presenta antecedentes;3;19/10/2023;DM9XN76LX45QV
4528;75729;12262;background-checks-data;public_db_check_dni;vigente;3;19/10/2023;DM9XN76LX45QV
4529;75729;12262;background-checks-data;public_db_check_pedofile;found-none;3;19/10/2023;DM9XN76LX45QV
4530;75729;12262;background-checks-data;public_db_personal_identity_score;10;3;19/10/2023;DM9XN76LX45QV
4531;75729;12262;background-checks-data;public_db_criminal_record_score;10;3;19/10/2023;DM9XN76LX45QV
4532;75729;12262;background-checks-data;public_db_legal_background_score;10;3;19/10/2023;DM9XN76LX45QV
4533;75729;12262;background-checks-data;public_db_international_background_score;10;3;19/10/2023;DM9XN76LX45QV
4534;75729;12262;background-checks-data;public_db_professional_background_score;10;3;19/10/2023;DM9XN76LX45QV
4535;75729;12262;background-checks-data;public_db_affiliations_and_insurances_score;10;3;19/10/2023;DM9XN76LX45QV
4536;75729;12262;background-checks-data;public_db_alert_in_media_score;10;3;19/10/2023;DM9XN76LX45QV
4537;75729;12262;background-checks-data;public_db_taxes_and_finances_score;10;3;19/10/2023;DM9XN76LX45QV
4538;75729;12262;background-checks-data;table data_proceso_judicial;;3;19/10/2023;DM9XN76LX45QV
4539;75729;12262;snr-data;snr_result;found;3;19/10/2023;DM9XN76LX45QV
4540;75729;12262;snr-data;snr_check_id;F20231017114833U12262S75729;3;19/10/2023;DM9XN76LX45QV
4541;75729;12262;snr-data;snr_check_id_date;17/10/2023 11:48;3;19/10/2023;DM9XN76LX45QV
4542;75729;12262;snr-data;snr_no_records;2;3;19/10/2023;DM9XN76LX45QV
4543;75729;12262;snr-data;snr_no_unique_id_number;2;3;19/10/2023;DM9XN76LX45QV
4544;75729;12262;snr-data;snr_estimated_unique_properties;2;3;19/10/2023;DM9XN76LX45QV
4545;75729;16877;personal-data;id_user;16877;3;19/10/2023;DM9XN76LX45QV
4546;75729;16877;personal-data;id_type_debtor;2;3;19/10/2023;DM9XN76LX45QV
4547;75729;16877;personal-data;debtor_full_name;;3;19/10/2023;DM9XN76LX45QV
4548;75729;16877;personal-data;debtor_age;27;3;19/10/2023;DM9XN76LX45QV
4549;75729;16877;personal-data;debtor_gender;female;3;19/10/2023;DM9XN76LX45QV
4550;75729;16877;personal-data;debtor_type_dni;cc;3;19/10/2023;DM9XN76LX45QV
4551;75729;16877;personal-data;debtor_dni;1070619278;3;19/10/2023;DM9XN76LX45QV
4552;75729;16877;personal-data;id_debtor_nacionality;43;3;19/10/2023;DM9XN76LX45QV
4553;75729;16877;personal-data;id_debtor_country_residence;52;3;19/10/2023;DM9XN76LX45QV
4554;75729;16877;personal-data;id_debtor_dept_residence;73;3;19/10/2023;DM9XN76LX45QV
4555;75729;16877;personal-data;id_debtor_mun_residence;337;3;19/10/2023;DM9XN76LX45QV
4556;75729;16877;personal-data;debtor_date_birth;29/05/1996;3;19/10/2023;DM9XN76LX45QV
4557;75729;16877;personal-data;debtor_marital_status;common law marriage;3;19/10/2023;DM9XN76LX45QV
4558;75729;16877;personal-data;debtor_social_stratum;2;3;19/10/2023;DM9XN76LX45QV
4559;75729;16877;personal-data;debtor_level_of_education;4/01/1900 0:00;3;19/10/2023;DM9XN76LX45QV
4560;75729;16877;personal-data;debtor_no_dependants;2;3;19/10/2023;DM9XN76LX45QV
4561;75729;16877;personal-data;debtor_file_tax_reports;no;3;19/10/2023;DM9XN76LX45QV
4562;75729;16877;personal-data;debtor_tenure_at_curr_address;1;3;19/10/2023;DM9XN76LX45QV
4563;75729;16877;personal-data;debtor_abroad_residence;no;3;19/10/2023;DM9XN76LX45QV
4564;75729;16877;personal-data;debtor_reports_credit_agency;no;3;19/10/2023;DM9XN76LX45QV
4565;75729;16877;personal-data;debtor_reports_credit_agency_party;;3;19/10/2023;DM9XN76LX45QV
4566;75729;16877;personal-data;debtor_reports_credit_agency_party_other;;3;19/10/2023;DM9XN76LX45QV
4567;75729;16877;labour-data;debtor_employment_status;self-employed;3;19/10/2023;DM9XN76LX45QV
4568;75729;16877;labour-data;id_debtor_range_of_income;5;3;19/10/2023;DM9XN76LX45QV
4569;75729;16877;labour-data;payroll_frequency;30;3;19/10/2023;DM9XN76LX45QV
4570;75729;16877;labour-data;id_debtor_bank;16;3;19/10/2023;DM9XN76LX45QV
4571;75729;16877;labour-data;id_debtor_occupation;202;3;19/10/2023;DM9XN76LX45QV
4572;75729;16877;labour-data;debtor_occupation;otros profesionales de la salud no clasificados en otros grupos primarios;3;19/10/2023;DM9XN76LX45QV
4573;75729;16877;labour-data;id_debtor_position;0;3;19/10/2023;DM9XN76LX45QV
4574;75729;16877;labour-data;debtor_position;0;3;19/10/2023;DM9XN76LX45QV
4575;75729;16877;labour-data;debtor_business_type;;3;19/10/2023;DM9XN76LX45QV
4576;75729;16877;labour-data;debtor_business_name;;3;19/10/2023;DM9XN76LX45QV
4577;75729;16877;labour-data;debtor_business_date_admission;;3;19/10/2023;DM9XN76LX45QV
4578;75729;16877;labour-data;debtor_duration_of_curr_employment;0;3;19/10/2023;DM9XN76LX45QV
4579;75729;16877;labour-data;debtor_years_experience;4a;3;19/10/2023;DM9XN76LX45QV
4580;75729;16877;labour-data;id_debtor_business_activity;16;3;19/10/2023;DM9XN76LX45QV
4581;75729;16877;labour-data;debtor_business_activity;salud ;3;19/10/2023;DM9XN76LX45QV
4582;75729;16877;labour-data;debtor_business_phone;;3;19/10/2023;DM9XN76LX45QV
4583;75729;16877;labour-data;debtor_type_of_employment_contract;no-contract;3;19/10/2023;DM9XN76LX45QV
4584;75729;16877;labour-data;debtor_business_registration;no;3;19/10/2023;DM9XN76LX45QV
4585;75729;16877;labour-data;debtor_business_tin;;3;19/10/2023;DM9XN76LX45QV
4586;75729;16877;labour-data;id_debtor_other_income;0;3;19/10/2023;DM9XN76LX45QV
4587;75729;16877;labour-data;table data_centrales_riesgo_obligaciones;;3;19/10/2023;DM9XN76LX45QV
4588;75729;16877;credit-bureau-data;report_result;found;3;19/10/2023;DM9XN76LX45QV
4589;75729;16877;credit-bureau-data;report_checkid;2,13E+19;3;19/10/2023;DM9XN76LX45QV
4590;75729;16877;credit-bureau-data;report_date;17/10/2023 12:35;3;19/10/2023;DM9XN76LX45QV
4591;75729;16877;credit-bureau-data;debtor_credit_agency;transunion;3;19/10/2023;DM9XN76LX45QV
4592;75729;16877;credit-bureau-data;debtor_credit_score;266;3;19/10/2023;DM9XN76LX45QV
4593;75729;16877;credit-bureau-data;debtor_default_loans;0;3;19/10/2023;DM9XN76LX45QV
4594;75729;16877;credit-bureau-data;debtor_credit_agency_min_probable_income;$ 2.710.600,00;3;19/10/2023;DM9XN76LX45QV
4595;75729;16877;credit-bureau-data;debtor_payment_capacity;639713;3;19/10/2023;DM9XN76LX45QV
4596;75729;16877;credit-bureau-data;debtor_current_loan_value;3225;3;19/10/2023;DM9XN76LX45QV
4597;75729;16877;credit-bureau-data;debtor_current_no_loans;13;3;19/10/2023;DM9XN76LX45QV
4598;75729;16877;credit-bureau-data;debtor_current_total_payment;1032;3;19/10/2023;DM9XN76LX45QV
4599;75729;16877;credit-bureau-data;debtor_current_delinquency_value;$ 2.756,00;3;19/10/2023;DM9XN76LX45QV
4600;75729;16877;credit-bureau-data;debtor_current_no_loans_w_bad_reports;12;3;19/10/2023;DM9XN76LX45QV
4601;75729;16877;credit-bureau-data;debtor_total_loan_value;4910;3;19/10/2023;DM9XN76LX45QV
4602;75729;16877;credit-bureau-data;debtor_total_no_loans;18;3;19/10/2023;DM9XN76LX45QV
4603;75729;16877;credit-bureau-data;debtor_total_highest_loan_value;676;3;19/10/2023;DM9XN76LX45QV
4604;75729;16877;credit-bureau-data;debtor_total_no_bad_reports;40;3;19/10/2023;DM9XN76LX45QV
4605;75729;16877;credit-bureau-data;debtor_total_max_bad_reports;4;3;19/10/2023;DM9XN76LX45QV
4606;75729;16877;credit-bureau-data;debtor_total_no_loans_w_bad_reports;12;3;19/10/2023;DM9XN76LX45QV
4607;75729;16877;credit-bureau-data;debtor_total_no_similar_loans;0;3;19/10/2023;DM9XN76LX45QV
4608;75729;16877;credit-bureau-data;debtor_closed_loan_value;1260;3;19/10/2023;DM9XN76LX45QV
4609;75729;16877;credit-bureau-data;debtor_closed_no_loans;6;3;19/10/2023;DM9XN76LX45QV
4610;75729;16877;credit-bureau-data;debtor_closed_highest_loan_value;474;3;19/10/2023;DM9XN76LX45QV
4611;75729;16877;credit-bureau-data;debtor_closed_no_bad_reports;0;3;19/10/2023;DM9XN76LX45QV
4612;75729;16877;credit-bureau-data;debtor_closed_max_bad_reports;0;3;19/10/2023;DM9XN76LX45QV
4613;75729;16877;credit-bureau-data;debtor_closed_no_loans_w_bad_reports;0;3;19/10/2023;DM9XN76LX45QV
4614;75729;16877;credit-bureau-data;debtor_closed_no_similar_loans;0;3;19/10/2023;DM9XN76LX45QV
4615;75729;16877;credit-bureau-data;debtor_current_highest_loan_value;676;3;19/10/2023;DM9XN76LX45QV
4616;75729;16877;credit-bureau-data;debtor_current_no_bad_reports;40;3;19/10/2023;DM9XN76LX45QV
4617;75729;16877;credit-bureau-data;debtor_current_max_bad_reports;4;3;19/10/2023;DM9XN76LX45QV
4618;75729;16877;credit-bureau-data;debtor_current_no_loans_w_bad_reports;12/01/1900;3;19/10/2023;DM9XN76LX45QV
4619;75729;16877;credit-bureau-data;debtor_current_no_similar_loans;$ 0,00;3;19/10/2023;DM9XN76LX45QV
4620;75729;16877;credit-bureau-data;debtor_current_no_tcr;$ 0,00;3;19/10/2023;DM9XN76LX45QV
4621;75729;16877;credit-bureau-data;debtor_current_tcr_initial_limit;0;3;19/10/2023;DM9XN76LX45QV
4622;75729;16877;credit-bureau-data;debtor_current_tcr_value;0;3;19/10/2023;DM9XN76LX45QV
4623;75729;16877;credit-bureau-data;debtor_current_tcr_usage;0;3;19/10/2023;DM9XN76LX45QV
4624;75729;16877;credit-bureau-data;table query_cr_obligaciones_1;;3;19/10/2023;DM9XN76LX45QV
4625;75729;16877;credit-bureau-data;table query_cr_obligaciones_2;;3;19/10/2023;DM9XN76LX45QV
4626;75729;16877;credit-bureau-data;table data_centrales_riesgo_obligaciones;;3;19/10/2023;DM9XN76LX45QV
4627;75729;16877;bank-statement-data;bank_statement_result;found;3;19/10/2023;DM9XN76LX45QV
4628;75729;16877;bank-statement-data;id_document;223.842.238.522.386;3;19/10/2023;DM9XN76LX45QV
4629;75729;16877;bank-statement-data;bank_account_validation;2,2,2;3;19/10/2023;DM9XN76LX45QV
4630;75729;16877;bank-statement-data;bank_statement_no_days;92;3;19/10/2023;DM9XN76LX45QV
4631;75729;16877;bank-statement-data;bank_statement_max_days_passed;80;3;19/10/2023;DM9XN76LX45QV
4632;75729;16877;bank-statement-data;bank_no_records;219;3;19/10/2023;DM9XN76LX45QV
4633;75729;16877;bank-statement-data;bank_monthly_avg_blance;71669,93;3;19/10/2023;DM9XN76LX45QV
4634;75729;16877;bank-statement-data;bank_monthly_avg_credit_value;2650509,12;3;19/10/2023;DM9XN76LX45QV
4635;75729;16877;bank-statement-data;bank_monthly_avg_debit_value;2631882,667;3;19/10/2023;DM9XN76LX45QV
4636;75729;16877;bank-statement-data;bank_monthly_avg_payroll_value;0;3;19/10/2023;DM9XN76LX45QV
4637;75729;16877;bank-statement-data;bank_monthly_avg_no_credit_records;8,6667;3;19/10/2023;DM9XN76LX45QV
4638;75729;16877;bank-statement-data;bank_monthly_avg_no_payroll_records;0;3;19/10/2023;DM9XN76LX45QV
4639;75729;16877;income-tax-return-data;tax_report_result;not_required;3;19/10/2023;DM9XN76LX45QV
4640;75729;16877;income-tax-return-data;tax_report_year;;3;19/10/2023;DM9XN76LX45QV
4641;75729;16877;income-tax-return-data;tax_report_total_income_value;;3;19/10/2023;DM9XN76LX45QV
4642;75729;16877;income-tax-return-data;tax_report_total_assets_value;;3;19/10/2023;DM9XN76LX45QV
4643;75729;16877;income-tax-return-data;tax_report_total_equity_value;;3;19/10/2023;DM9XN76LX45QV
4644;75729;16877;income-tax-return-data;tax_report_total_debt_value;;3;19/10/2023;DM9XN76LX45QV
4645;75729;16877;income-tax-return-data;tax_report_total_tax;;3;19/10/2023;DM9XN76LX45QV
4646;75729;16877;income-tax-return-data;tax_report_value_to_pay;;3;19/10/2023;DM9XN76LX45QV
4647;75729;16877;background-checks-data;public_db_result;found;3;19/10/2023;DM9XN76LX45QV
4648;75729;16877;background-checks-data;public_db_check_id;CHKd1d4df95b2e70ee708a5cfdbe04204da;3;19/10/2023;DM9XN76LX45QV
4649;75729;16877;background-checks-data;public_db_check_id_date;17/10/2023 14:42;3;19/10/2023;DM9XN76LX45QV
4650;75729;16877;background-checks-data;public_db_no_lawsuits;;3;19/10/2023;DM9XN76LX45QV
4651;75729;16877;background-checks-data;public_db_no_lawsuits_defendant;;3;19/10/2023;DM9XN76LX45QV
4652;75729;16877;background-checks-data;public_db_no_lawsuits_defendant_money;;3;19/10/2023;DM9XN76LX45QV
4653;75729;16877;background-checks-data;public_db_tax_responsable;no;3;19/10/2023;DM9XN76LX45QV
4654;75729;16877;background-checks-data;public_db_tax_responsable_bdme;;3;19/10/2023;DM9XN76LX45QV
4655;75729;16877;background-checks-data;public_db_medical_status;;3;19/10/2023;DM9XN76LX45QV
4656;75729;16877;background-checks-data;public_db_medical_regime;;3;19/10/2023;DM9XN76LX45QV
4657;75729;16877;background-checks-data;public_db_medical_type;;3;19/10/2023;DM9XN76LX45QV
4658;75729;16877;background-checks-data;public_db_pension_status;;3;19/10/2023;DM9XN76LX45QV
4659;75729;16877;background-checks-data;public_db_pension_regime;;3;19/10/2023;DM9XN76LX45QV
4660;75729;16877;background-checks-data;public_db_ccf_status;;3;19/10/2023;DM9XN76LX45QV
4661;75729;16877;background-checks-data;public_db_ccf_type;;3;19/10/2023;DM9XN76LX45QV
4662;75729;16877;background-checks-data;public_db_welfare_status;;3;19/10/2023;DM9XN76LX45QV
4663;75729;16877;background-checks-data;public_db_police_check_result;no presenta antecedentes;3;19/10/2023;DM9XN76LX45QV
4664;75729;16877;background-checks-data;public_db_check_dni;;3;19/10/2023;DM9XN76LX45QV
4665;75729;16877;background-checks-data;public_db_check_pedofile;not_found-unknown;3;19/10/2023;DM9XN76LX45QV
4666;75729;16877;background-checks-data;public_db_personal_identity_score;4;3;19/10/2023;DM9XN76LX45QV
4667;75729;16877;background-checks-data;public_db_criminal_record_score;10;3;19/10/2023;DM9XN76LX45QV
4668;75729;16877;background-checks-data;public_db_legal_background_score;4;3;19/10/2023;DM9XN76LX45QV
4669;75729;16877;background-checks-data;public_db_international_background_score;10/01/1900;3;19/10/2023;DM9XN76LX45QV
4670;75729;16877;background-checks-data;public_db_professional_background_score;10;3;19/10/2023;DM9XN76LX45QV
4671;75729;16877;background-checks-data;public_db_affiliations_and_insurances_score;10;3;19/10/2023;DM9XN76LX45QV
4672;75729;16877;background-checks-data;public_db_alert_in_media_score;10;3;19/10/2023;DM9XN76LX45QV
4673;75729;16877;background-checks-data;public_db_taxes_and_finances_score;10;3;19/10/2023;DM9XN76LX45QV
4674;75729;16877;background-checks-data;table data_proceso_judicial;;3;19/10/2023;DM9XN76LX45QV
4675;75729;16877;snr-data;snr_result;found;3;19/10/2023;DM9XN76LX45QV
4676;75729;16877;snr-data;snr_check_id;F20231017114921U16877S75729;3;19/10/2023;DM9XN76LX45QV
4677;75729;16877;snr-data;snr_check_id_date;17/10/2023 11:49;3;19/10/2023;DM9XN76LX45QV
4678;75729;16877;snr-data;snr_no_records;;3;19/10/2023;DM9XN76LX45QV
4679;75729;16877;snr-data;snr_no_unique_id_number;;3;19/10/2023;DM9XN76LX45QV
4680;75729;16877;snr-data;snr_estimated_unique_properties;;3;19/10/2023;DM9XN76LX45QV
7363;74202;11372;general-loan-data;line_of_credit;3;3;7/11/2023;DX1MA80LC83FN
7364;74202;11372;general-loan-data;type_of_loan;C;3;7/11/2023;DX1MA80LC83FN
7365;74202;11372;general-loan-data;id_loan_request;74202;3;7/11/2023;DX1MA80LC83FN
7366;74202;11372;general-loan-data;original_amount;$ 78.000.000,00;3;7/11/2023;DX1MA80LC83FN
7367;74202;11372;general-loan-data;pct_interest_rate;0,305971629;3;7/11/2023;DX1MA80LC83FN
7368;74202;11372;general-loan-data;loan_to_value_ratio;0,689360101;3;7/11/2023;DX1MA80LC83FN
7369;74202;11372;general-loan-data;amortization_schedule;0;3;7/11/2023;DX1MA80LC83FN
7370;74202;11372;general-loan-data;payment_frequency;30;3;7/11/2023;DX1MA80LC83FN
7371;74202;11372;general-loan-data;value_monthly_payments;$ 1.754.601,00;3;7/11/2023;DX1MA80LC83FN
7372;74202;11372;general-loan-data;loan_duration;180;3;7/11/2023;DX1MA80LC83FN
7373;74202;11372;general-loan-data;no_debtors;1;3;7/11/2023;DX1MA80LC83FN
7374;74202;11372;other-loan-data;use_of_funds;debt restructuring;3;7/11/2023;DX1MA80LC83FN
7375;74202;11372;other-loan-data;advance_value;0;3;7/11/2023;DX1MA80LC83FN
7376;74202;11372;other-loan-data;advance_use_of_funds;;3;7/11/2023;DX1MA80LC83FN
7377;74202;11372;loan-scores;id_advisor;2503;3;7/11/2023;DX1MA80LC83FN
7378;74202;11372;loan-scores;beauty_score;4;3;7/11/2023;DX1MA80LC83FN
7379;74202;11372;loan-scores;cleaness_score;5;3;7/11/2023;DX1MA80LC83FN
7380;74202;11372;loan-scores;advisor_score;8;3;7/11/2023;DX1MA80LC83FN
7381;74202;11372;loan-scores;id_analist;6353;3;7/11/2023;DX1MA80LC83FN
7382;74202;11372;loan-scores;analist_score;5;3;7/11/2023;DX1MA80LC83FN
7383;74202;11372;loan-scores;id_inspector;0;3;7/11/2023;DX1MA80LC83FN
7384;74202;11372;loan-scores;inspection_score;0;3;7/11/2023;DX1MA80LC83FN
7385;74202;11372;collateral-data;id_collateral;959;3;7/11/2023;DX1MA80LC83FN
7386;74202;11372;collateral-data;type_collateral;apartamento;3;7/11/2023;DX1MA80LC83FN
7387;74202;11372;collateral-data;id_location_collateral;171;3;7/11/2023;DX1MA80LC83FN
7388;74202;11372;collateral-data;location_collateral;cartagena;3;7/11/2023;DX1MA80LC83FN
7389;74202;11372;collateral-data;collateral_identification_number;060-294322;3;7/11/2023;DX1MA80LC83FN
7390;74202;11372;collateral-data;collateral_purchase_date;30/07/2022;3;7/11/2023;DX1MA80LC83FN
7391;74202;11372;collateral-data;collateral_tax_value;$ 75.383.000,00;3;7/11/2023;DX1MA80LC83FN
7392;74202;11372;collateral-data;collateral_commercial_value;$ 113.148.411,00;3;7/11/2023;DX1MA80LC83FN
7393;74202;11372;collateral-data;collateral_tax_to_value_ratio;0,6662;3;7/11/2023;DX1MA80LC83FN
7394;74202;11372;collateral-data;collateral_area;53;3;7/11/2023;DX1MA80LC83FN
7395;74202;11372;collateral-data;collateral_condominium_status;yes;3;7/11/2023;DX1MA80LC83FN
7396;74202;11372;collateral-data;collateral_tax_status;delinquent;3;7/11/2023;DX1MA80LC83FN
7397;74202;11372;collateral-data;collateral_tax_delinquency_value;350000;3;7/11/2023;DX1MA80LC83FN
7398;74202;11372;collateral-data;collateral_tax_no_delinquency_payments;1;3;7/11/2023;DX1MA80LC83FN
7399;74202;11372;collateral-data;collateral_admin_status;current;3;7/11/2023;DX1MA80LC83FN
7400;74202;11372;collateral-data;collateral_admin_delinquency_value;0;3;7/11/2023;DX1MA80LC83FN
7401;74202;11372;collateral-data;collateral_admin_no_delinquency_payments;0;3;7/11/2023;DX1MA80LC83FN
7402;74202;11372;collateral-taxes;tax_record_result;found;3;7/11/2023;DX1MA80LC83FN
7403;74202;11372;collateral-taxes;tax_record_no_records;1;3;7/11/2023;DX1MA80LC83FN
7404;74202;11372;collateral-taxes;tax_record_status;current;3;7/11/2023;DX1MA80LC83FN
7405;74202;11372;collateral-taxes;tax_record_delinquency_value;0;3;7/11/2023;DX1MA80LC83FN
7406;74202;11372;collateral-taxes;tax_record_no_delinquency_payments;0;3;7/11/2023;DX1MA80LC83FN
7407;74202;11372;collateral-taxes;tax_record_validation;inconsistent;3;7/11/2023;DX1MA80LC83FN
7408;74202;11372;collateral-taxes;table data_tax_record;;3;7/11/2023;DX1MA80LC83FN
7409;74202;11372;personal-data;id_user;11372;3;7/11/2023;DX1MA80LC83FN
7410;74202;11372;personal-data;id_type_debtor;1;3;7/11/2023;DX1MA80LC83FN
7411;74202;11372;personal-data;debtor_full_name;;3;7/11/2023;DX1MA80LC83FN
7412;74202;11372;personal-data;debtor_age;30;3;7/11/2023;DX1MA80LC83FN
7413;74202;11372;personal-data;debtor_gender;female;3;7/11/2023;DX1MA80LC83FN
7414;74202;11372;personal-data;debtor_type_dni;cc;3;7/11/2023;DX1MA80LC83FN
7415;74202;11372;personal-data;debtor_dni;1047458428;3;7/11/2023;DX1MA80LC83FN
7416;74202;11372;personal-data;id_debtor_nacionality;43;3;7/11/2023;DX1MA80LC83FN
7417;74202;11372;personal-data;id_debtor_country_residence;52;3;7/11/2023;DX1MA80LC83FN
7418;74202;11372;personal-data;id_debtor_dept_residence;13;3;7/11/2023;DX1MA80LC83FN
7419;74202;11372;personal-data;id_debtor_mun_residence;171;3;7/11/2023;DX1MA80LC83FN
7420;74202;11372;personal-data;debtor_date_birth;5/06/1993;3;7/11/2023;DX1MA80LC83FN
7421;74202;11372;personal-data;debtor_marital_status;single;3;7/11/2023;DX1MA80LC83FN
7422;74202;11372;personal-data;debtor_social_stratum;3;3;7/11/2023;DX1MA80LC83FN
7423;74202;11372;personal-data;debtor_level_of_education;6;3;7/11/2023;DX1MA80LC83FN
7424;74202;11372;personal-data;debtor_no_dependants;1;3;7/11/2023;DX1MA80LC83FN
7425;74202;11372;personal-data;debtor_file_tax_reports;yes;3;7/11/2023;DX1MA80LC83FN
7426;74202;11372;personal-data;debtor_tenure_at_curr_address;1;3;7/11/2023;DX1MA80LC83FN
7427;74202;11372;personal-data;debtor_abroad_residence;no;3;7/11/2023;DX1MA80LC83FN
7428;74202;11372;personal-data;debtor_reports_credit_agency;yes;3;7/11/2023;DX1MA80LC83FN
7429;74202;11372;personal-data;debtor_reports_credit_agency_party;bancos o financieras;3;7/11/2023;DX1MA80LC83FN
7430;74202;11372;personal-data;debtor_reports_credit_agency_party_other;;3;7/11/2023;DX1MA80LC83FN
7431;74202;11372;labour-data;debtor_employment_status;employee;3;7/11/2023;DX1MA80LC83FN
7432;74202;11372;labour-data;id_debtor_range_of_income;12;3;7/11/2023;DX1MA80LC83FN
7433;74202;11372;labour-data;payroll_frequency;30;3;7/11/2023;DX1MA80LC83FN
7434;74202;11372;labour-data;id_debtor_bank;17;3;7/11/2023;DX1MA80LC83FN
7435;74202;11372;labour-data;id_debtor_occupation;193;3;7/11/2023;DX1MA80LC83FN
7436;74202;11372;labour-data;debtor_occupation;medico general, medico clinico;3;7/11/2023;DX1MA80LC83FN
7437;74202;11372;labour-data;id_debtor_position;1;3;7/11/2023;DX1MA80LC83FN
7438;74202;11372;labour-data;debtor_position;operario;3;7/11/2023;DX1MA80LC83FN
7439;74202;11372;labour-data;debtor_business_type;private;3;7/11/2023;DX1MA80LC83FN
7440;74202;11372;labour-data;debtor_business_name;;3;7/11/2023;DX1MA80LC83FN
7441;74202;11372;labour-data;debtor_business_date_admission;21/06/2021;3;7/11/2023;DX1MA80LC83FN
7442;74202;11372;labour-data;debtor_duration_of_curr_employment;2;3;7/11/2023;DX1MA80LC83FN
7443;74202;11372;labour-data;debtor_years_experience;7;3;7/11/2023;DX1MA80LC83FN
7444;74202;11372;labour-data;id_debtor_business_activity;16;3;7/11/2023;DX1MA80LC83FN
7445;74202;11372;labour-data;debtor_business_activity;salud ;3;7/11/2023;DX1MA80LC83FN
7446;74202;11372;labour-data;debtor_business_phone;57931588;3;7/11/2023;DX1MA80LC83FN
7447;74202;11372;labour-data;debtor_type_of_employment_contract;temporary;3;7/11/2023;DX1MA80LC83FN
7448;74202;11372;labour-data;debtor_business_registration;;3;7/11/2023;DX1MA80LC83FN
7449;74202;11372;labour-data;debtor_business_tin;;3;7/11/2023;DX1MA80LC83FN
7450;74202;11372;labour-data;id_debtor_other_income;0;3;7/11/2023;DX1MA80LC83FN
7451;74202;11372;labour-data;table data_centrales_riesgo_obligaciones;;3;7/11/2023;DX1MA80LC83FN
7452;74202;11372;credit-bureau-data;report_result;found;3;7/11/2023;DX1MA80LC83FN
7453;74202;11372;credit-bureau-data;report_checkid;3,96E+16;3;7/11/2023;DX1MA80LC83FN
7454;74202;11372;credit-bureau-data;report_date;11/03/2023 10:45;3;7/11/2023;DX1MA80LC83FN
7455;74202;11372;credit-bureau-data;debtor_credit_agency;transunion;3;7/11/2023;DX1MA80LC83FN
7456;74202;11372;credit-bureau-data;debtor_credit_score;408;3;7/11/2023;DX1MA80LC83FN
7457;74202;11372;credit-bureau-data;debtor_default_loans;0;3;7/11/2023;DX1MA80LC83FN
7458;74202;11372;credit-bureau-data;debtor_credit_agency_min_probable_income;12128000;3;7/11/2023;DX1MA80LC83FN
7459;74202;11372;credit-bureau-data;debtor_payment_capacity;2276802;3;7/11/2023;DX1MA80LC83FN
7460;74202;11372;credit-bureau-data;debtor_current_loan_value;7759;3;7/11/2023;DX1MA80LC83FN
7461;74202;11372;credit-bureau-data;debtor_current_no_loans;10;3;7/11/2023;DX1MA80LC83FN
7462;74202;11372;credit-bureau-data;debtor_current_total_payment;7531;3;7/11/2023;DX1MA80LC83FN
7463;74202;11372;credit-bureau-data;debtor_current_delinquency_value;7333;3;7/11/2023;DX1MA80LC83FN
7464;74202;11372;credit-bureau-data;debtor_current_no_loans_w_bad_reports;2;3;7/11/2023;DX1MA80LC83FN
7465;74202;11372;credit-bureau-data;debtor_total_loan_value;29718;3;7/11/2023;DX1MA80LC83FN
7466;74202;11372;credit-bureau-data;debtor_total_no_loans;14;3;7/11/2023;DX1MA80LC83FN
7467;74202;11372;credit-bureau-data;debtor_total_highest_loan_value;9000;3;7/11/2023;DX1MA80LC83FN
7468;74202;11372;credit-bureau-data;debtor_total_no_bad_reports;11;3;7/11/2023;DX1MA80LC83FN
7469;74202;11372;credit-bureau-data;debtor_total_max_bad_reports;7;3;7/11/2023;DX1MA80LC83FN
7470;74202;11372;credit-bureau-data;debtor_total_no_loans_w_bad_reports;2;3;7/11/2023;DX1MA80LC83FN
7471;74202;11372;credit-bureau-data;debtor_total_no_similar_loans;0;3;7/11/2023;DX1MA80LC83FN
7472;74202;11372;credit-bureau-data;debtor_closed_loan_value;22270;3;7/11/2023;DX1MA80LC83FN
7473;74202;11372;credit-bureau-data;debtor_closed_no_loans;10;3;7/11/2023;DX1MA80LC83FN
7474;74202;11372;credit-bureau-data;debtor_closed_highest_loan_value;9000;3;7/11/2023;DX1MA80LC83FN
7475;74202;11372;credit-bureau-data;debtor_closed_no_bad_reports;0;3;7/11/2023;DX1MA80LC83FN
7476;74202;11372;credit-bureau-data;debtor_closed_max_bad_reports;0;3;7/11/2023;DX1MA80LC83FN
7477;74202;11372;credit-bureau-data;debtor_closed_no_loans_w_bad_reports;0;3;7/11/2023;DX1MA80LC83FN
7478;74202;11372;credit-bureau-data;debtor_closed_no_similar_loans;0;3;7/11/2023;DX1MA80LC83FN
7479;74202;11372;credit-bureau-data;debtor_current_highest_loan_value;4450;3;7/11/2023;DX1MA80LC83FN
7480;74202;11372;credit-bureau-data;debtor_current_no_bad_reports;11;3;7/11/2023;DX1MA80LC83FN
7481;74202;11372;credit-bureau-data;debtor_current_max_bad_reports;7;3;7/11/2023;DX1MA80LC83FN
7482;74202;11372;credit-bureau-data;debtor_current_no_loans_w_bad_reports;2;3;7/11/2023;DX1MA80LC83FN
7483;74202;11372;credit-bureau-data;debtor_current_no_similar_loans;0;3;7/11/2023;DX1MA80LC83FN
7484;74202;11372;credit-bureau-data;debtor_current_no_tcr;0;3;7/11/2023;DX1MA80LC83FN
7485;74202;11372;credit-bureau-data;debtor_current_tcr_initial_limit;0;3;7/11/2023;DX1MA80LC83FN
7486;74202;11372;credit-bureau-data;debtor_current_tcr_value;0;3;7/11/2023;DX1MA80LC83FN
7487;74202;11372;credit-bureau-data;debtor_current_tcr_usage;0;3;7/11/2023;DX1MA80LC83FN
7488;74202;11372;credit-bureau-data;table query_cr_obligaciones_1;;3;7/11/2023;DX1MA80LC83FN
7489;74202;11372;credit-bureau-data;table query_cr_obligaciones_2;;3;7/11/2023;DX1MA80LC83FN
7490;74202;11372;credit-bureau-data;table data_centrales_riesgo_obligaciones;;3;7/11/2023;DX1MA80LC83FN
7491;74202;11372;bank-statement-data;bank_statement_result;found;3;7/11/2023;DX1MA80LC83FN
7492;74202;11372;bank-statement-data;id_document;22584;3;7/11/2023;DX1MA80LC83FN
7493;74202;11372;bank-statement-data;bank_account_validation;1;3;7/11/2023;DX1MA80LC83FN
7494;74202;11372;bank-statement-data;bank_statement_no_days;93;3;7/11/2023;DX1MA80LC83FN
7495;74202;11372;bank-statement-data;bank_statement_max_days_passed;38;3;7/11/2023;DX1MA80LC83FN
7496;74202;11372;bank-statement-data;bank_no_records;7;3;7/11/2023;DX1MA80LC83FN
7497;74202;11372;bank-statement-data;bank_monthly_avg_blance;0;3;7/11/2023;DX1MA80LC83FN
7498;74202;11372;bank-statement-data;bank_monthly_avg_credit_value;5154197,71;3;7/11/2023;DX1MA80LC83FN
7499;74202;11372;bank-statement-data;bank_monthly_avg_debit_value;5154197,71;3;7/11/2023;DX1MA80LC83FN
7500;74202;11372;bank-statement-data;bank_monthly_avg_payroll_value;5154197,71;3;7/11/2023;DX1MA80LC83FN
7501;74202;11372;bank-statement-data;bank_monthly_avg_no_credit_records;1;3;7/11/2023;DX1MA80LC83FN
7502;74202;11372;bank-statement-data;bank_monthly_avg_no_payroll_records;1;3;7/11/2023;DX1MA80LC83FN
7503;74202;11372;income-tax-return-data;tax_report_result;found;3;7/11/2023;DX1MA80LC83FN
7504;74202;11372;income-tax-return-data;tax_report_year;2022;3;7/11/2023;DX1MA80LC83FN
7505;74202;11372;income-tax-return-data;tax_report_total_income_value;$ 70.548.100,00;3;7/11/2023;DX1MA80LC83FN
7506;74202;11372;income-tax-return-data;tax_report_total_assets_value;$ 153.641.000,00;3;7/11/2023;DX1MA80LC83FN
7507;74202;11372;income-tax-return-data;tax_report_total_equity_value;$ 0,00;3;7/11/2023;DX1MA80LC83FN
7508;74202;11372;income-tax-return-data;tax_report_total_debt_value;$ 198.607.000,00;3;7/11/2023;DX1MA80LC83FN
7509;74202;11372;income-tax-return-data;tax_report_total_tax;$ 0,00;3;7/11/2023;DX1MA80LC83FN
7510;74202;11372;income-tax-return-data;tax_report_value_to_pay;$ 0,00;3;7/11/2023;DX1MA80LC83FN
7511;74202;11372;background-checks-data;public_db_result;found;3;7/11/2023;DX1MA80LC83FN
7512;74202;11372;background-checks-data;public_db_check_id;CHK54cf4dfe6a3bdf7e8b6f551d1511ff32;3;7/11/2023;DX1MA80LC83FN
7513;74202;11372;background-checks-data;public_db_check_id_date;3/11/2023 13:38;3;7/11/2023;DX1MA80LC83FN
7514;74202;11372;background-checks-data;public_db_no_lawsuits;;3;7/11/2023;DX1MA80LC83FN
7515;74202;11372;background-checks-data;public_db_no_lawsuits_defendant;;3;7/11/2023;DX1MA80LC83FN
7516;74202;11372;background-checks-data;public_db_no_lawsuits_defendant_money;;3;7/11/2023;DX1MA80LC83FN
7517;74202;11372;background-checks-data;public_db_tax_responsable;no;3;7/11/2023;DX1MA80LC83FN
7518;74202;11372;background-checks-data;public_db_tax_responsable_bdme;;3;7/11/2023;DX1MA80LC83FN
7519;74202;11372;background-checks-data;public_db_medical_status;activo;3;7/11/2023;DX1MA80LC83FN
7520;74202;11372;background-checks-data;public_db_medical_regime;contributivo;3;7/11/2023;DX1MA80LC83FN
7521;74202;11372;background-checks-data;public_db_medical_type;cotizante;3;7/11/2023;DX1MA80LC83FN
7522;74202;11372;background-checks-data;public_db_pension_status;retirado;3;7/11/2023;DX1MA80LC83FN
7523;74202;11372;background-checks-data;public_db_pension_regime;pensiones: ahorro individual;3;7/11/2023;DX1MA80LC83FN
7524;74202;11372;background-checks-data;public_db_ccf_status;activo;3;7/11/2023;DX1MA80LC83FN
7525;74202;11372;background-checks-data;public_db_ccf_type;trabajador afiliado dependiente;3;7/11/2023;DX1MA80LC83FN
7526;74202;11372;background-checks-data;public_db_welfare_status;;3;7/11/2023;DX1MA80LC83FN
7527;74202;11372;background-checks-data;public_db_police_check_result;no presenta antecedentes;3;7/11/2023;DX1MA80LC83FN
7528;74202;11372;background-checks-data;public_db_check_dni;vigente;3;7/11/2023;DX1MA80LC83FN
7529;74202;11372;background-checks-data;public_db_check_pedofile;found-none;3;7/11/2023;DX1MA80LC83FN
7530;74202;11372;background-checks-data;public_db_personal_identity_score;10;3;7/11/2023;DX1MA80LC83FN
7531;74202;11372;background-checks-data;public_db_criminal_record_score;10;3;7/11/2023;DX1MA80LC83FN
7532;74202;11372;background-checks-data;public_db_legal_background_score;10;3;7/11/2023;DX1MA80LC83FN
7533;74202;11372;background-checks-data;public_db_international_background_score;10;3;7/11/2023;DX1MA80LC83FN
7534;74202;11372;background-checks-data;public_db_professional_background_score;10;3;7/11/2023;DX1MA80LC83FN
7535;74202;11372;background-checks-data;public_db_affiliations_and_insurances_score;10;3;7/11/2023;DX1MA80LC83FN
7536;74202;11372;background-checks-data;public_db_alert_in_media_score;10;3;7/11/2023;DX1MA80LC83FN
7537;74202;11372;background-checks-data;public_db_taxes_and_finances_score;10;3;7/11/2023;DX1MA80LC83FN
7538;74202;11372;background-checks-data;table data_proceso_judicial;;3;7/11/2023;DX1MA80LC83FN
7539;74202;11372;snr-data;snr_result;found;3;7/11/2023;DX1MA80LC83FN
7540;74202;11372;snr-data;snr_check_id;F20231103104655U11372S74202;3;7/11/2023;DX1MA80LC83FN
7541;74202;11372;snr-data;snr_check_id_date;3/11/2023 10:46;3;7/11/2023;DX1MA80LC83FN
7542;74202;11372;snr-data;snr_no_records;1;3;7/11/2023;DX1MA80LC83FN
7543;74202;11372;snr-data;snr_no_unique_id_number;1;3;7/11/2023;DX1MA80LC83FN
7544;74202;11372;snr-data;snr_estimated_unique_properties;1;3;7/11/2023;DX1MA80LC83FN
21085;73216;10719;general-loan-data;line_of_credit;3;3;21/12/2023;DQ1ND12IM12QJ
21086;73216;10719;general-loan-data;type_of_loan;C;3;21/12/2023;DQ1ND12IM12QJ
21087;73216;10719;general-loan-data;id_loan_request;73216;3;21/12/2023;DQ1ND12IM12QJ
21088;73216;10719;general-loan-data;original_amount;$ 70.000.000,00;3;21/12/2023;DQ1ND12IM12QJ
21089;73216;10719;general-loan-data;pct_interest_rate;0,355016587;3;21/12/2023;DQ1ND12IM12QJ
21090;73216;10719;general-loan-data;loan_to_value_ratio;0,435144484;3;21/12/2023;DQ1ND12IM12QJ
21091;73216;10719;general-loan-data;amortization_schedule;0;3;21/12/2023;DQ1ND12IM12QJ
21092;73216;10719;general-loan-data;payment_frequency;30;3;21/12/2023;DQ1ND12IM12QJ
21093;73216;10719;general-loan-data;value_monthly_payments;$ 1.794.872,00;3;21/12/2023;DQ1ND12IM12QJ
21094;73216;10719;general-loan-data;loan_duration;180;3;21/12/2023;DQ1ND12IM12QJ
21095;73216;10719;general-loan-data;no_debtors;1;3;21/12/2023;DQ1ND12IM12QJ
21096;73216;10719;other-loan-data;use_of_funds;purchase of another property;3;21/12/2023;DQ1ND12IM12QJ
21097;73216;10719;other-loan-data;advance_value;0;3;21/12/2023;DQ1ND12IM12QJ
21098;73216;10719;other-loan-data;advance_use_of_funds;;3;21/12/2023;DQ1ND12IM12QJ
21099;73216;10719;loan-scores;id_advisor;7936;3;21/12/2023;DQ1ND12IM12QJ
21100;73216;10719;loan-scores;beauty_score;5;3;21/12/2023;DQ1ND12IM12QJ
21101;73216;10719;loan-scores;cleaness_score;5;3;21/12/2023;DQ1ND12IM12QJ
21102;73216;10719;loan-scores;advisor_score;7;3;21/12/2023;DQ1ND12IM12QJ
21103;73216;10719;loan-scores;id_analist;6353;3;21/12/2023;DQ1ND12IM12QJ
21104;73216;10719;loan-scores;analist_score;1;3;21/12/2023;DQ1ND12IM12QJ
21105;73216;10719;loan-scores;id_inspector;0;3;21/12/2023;DQ1ND12IM12QJ
21106;73216;10719;loan-scores;inspection_score;0;3;21/12/2023;DQ1ND12IM12QJ
21107;73216;10719;collateral-data;id_collateral;1024;3;21/12/2023;DQ1ND12IM12QJ
21108;73216;10719;collateral-data;type_collateral;casa;3;21/12/2023;DQ1ND12IM12QJ
21109;73216;10719;collateral-data;id_location_collateral;521;3;21/12/2023;DQ1ND12IM12QJ
21110;73216;10719;collateral-data;location_collateral;madrid;3;21/12/2023;DQ1ND12IM12QJ
21111;73216;10719;collateral-data;collateral_identification_number;50C-1664497;3;21/12/2023;DQ1ND12IM12QJ
21112;73216;10719;collateral-data;collateral_purchase_date;14/11/2023;3;21/12/2023;DQ1ND12IM12QJ
21113;73216;10719;collateral-data;collateral_tax_value;$ 19.333.000,00;3;21/12/2023;DQ1ND12IM12QJ
21114;73216;10719;collateral-data;collateral_commercial_value;$ 160.866.109,00;3;21/12/2023;DQ1ND12IM12QJ
21115;73216;10719;collateral-data;collateral_tax_to_value_ratio;0,1202;3;21/12/2023;DQ1ND12IM12QJ
21116;73216;10719;collateral-data;collateral_area;88;3;21/12/2023;DQ1ND12IM12QJ
21117;73216;10719;collateral-data;collateral_condominium_status;yes;3;21/12/2023;DQ1ND12IM12QJ
21118;73216;10719;collateral-data;collateral_tax_status;current;3;21/12/2023;DQ1ND12IM12QJ
21119;73216;10719;collateral-data;collateral_tax_delinquency_value;0;3;21/12/2023;DQ1ND12IM12QJ
21120;73216;10719;collateral-data;collateral_tax_no_delinquency_payments;0;3;21/12/2023;DQ1ND12IM12QJ
21121;73216;10719;collateral-data;collateral_admin_status;current;3;21/12/2023;DQ1ND12IM12QJ
21122;73216;10719;collateral-data;collateral_admin_delinquency_value;0;3;21/12/2023;DQ1ND12IM12QJ
21123;73216;10719;collateral-data;collateral_admin_no_delinquency_payments;0;3;21/12/2023;DQ1ND12IM12QJ
21124;73216;10719;collateral-taxes;tax_record_result;found;3;21/12/2023;DQ1ND12IM12QJ
21125;73216;10719;collateral-taxes;tax_record_no_records;1;3;21/12/2023;DQ1ND12IM12QJ
21126;73216;10719;collateral-taxes;tax_record_status;delinquent;3;21/12/2023;DQ1ND12IM12QJ
21127;73216;10719;collateral-taxes;tax_record_delinquency_value;0;3;21/12/2023;DQ1ND12IM12QJ
21128;73216;10719;collateral-taxes;tax_record_no_delinquency_payments;1;3;21/12/2023;DQ1ND12IM12QJ
21129;73216;10719;collateral-taxes;tax_record_validation;inconsistent;3;21/12/2023;DQ1ND12IM12QJ
21130;73216;10719;collateral-taxes;table data_tax_record;;3;21/12/2023;DQ1ND12IM12QJ
21131;73216;10719;personal-data;id_user;10719;3;21/12/2023;DQ1ND12IM12QJ
21132;73216;10719;personal-data;id_type_debtor;1;3;21/12/2023;DQ1ND12IM12QJ
21133;73216;10719;personal-data;debtor_full_name;;3;21/12/2023;DQ1ND12IM12QJ
21134;73216;10719;personal-data;debtor_age;42;3;21/12/2023;DQ1ND12IM12QJ
21135;73216;10719;personal-data;debtor_gender;male;3;21/12/2023;DQ1ND12IM12QJ
21136;73216;10719;personal-data;debtor_type_dni;cc;3;21/12/2023;DQ1ND12IM12QJ
21137;73216;10719;personal-data;debtor_dni;80165561;3;21/12/2023;DQ1ND12IM12QJ
21138;73216;10719;personal-data;id_debtor_nacionality;43;3;21/12/2023;DQ1ND12IM12QJ
21139;73216;10719;personal-data;id_debtor_country_residence;52;3;21/12/2023;DQ1ND12IM12QJ
21140;73216;10719;personal-data;id_debtor_dept_residence;11;3;21/12/2023;DQ1ND12IM12QJ
21141;73216;10719;personal-data;id_debtor_mun_residence;107;3;21/12/2023;DQ1ND12IM12QJ
21142;73216;10719;personal-data;debtor_date_birth;31/10/1981;3;21/12/2023;DQ1ND12IM12QJ
21143;73216;10719;personal-data;debtor_marital_status;single;3;21/12/2023;DQ1ND12IM12QJ
21144;73216;10719;personal-data;debtor_social_stratum;2;3;21/12/2023;DQ1ND12IM12QJ
21145;73216;10719;personal-data;debtor_level_of_education;3;3;21/12/2023;DQ1ND12IM12QJ
21146;73216;10719;personal-data;debtor_no_dependants;0;3;21/12/2023;DQ1ND12IM12QJ
21147;73216;10719;personal-data;debtor_file_tax_reports;no;3;21/12/2023;DQ1ND12IM12QJ
21148;73216;10719;personal-data;debtor_tenure_at_curr_address;13;3;21/12/2023;DQ1ND12IM12QJ
21149;73216;10719;personal-data;debtor_abroad_residence;no;3;21/12/2023;DQ1ND12IM12QJ
21150;73216;10719;personal-data;debtor_reports_credit_agency;yes;3;21/12/2023;DQ1ND12IM12QJ
21151;73216;10719;personal-data;debtor_reports_credit_agency_party;otros;3;21/12/2023;DQ1ND12IM12QJ
21152;73216;10719;personal-data;debtor_reports_credit_agency_party_other;Wedcapital;3;21/12/2023;DQ1ND12IM12QJ
21153;73216;10719;labour-data;debtor_employment_status;self-employed;3;21/12/2023;DQ1ND12IM12QJ
21154;73216;10719;labour-data;id_debtor_range_of_income;10;3;21/12/2023;DQ1ND12IM12QJ
21155;73216;10719;labour-data;payroll_frequency;7,5;3;21/12/2023;DQ1ND12IM12QJ
21156;73216;10719;labour-data;id_debtor_bank;35;3;21/12/2023;DQ1ND12IM12QJ
21157;73216;10719;labour-data;id_debtor_occupation;12;3;21/12/2023;DQ1ND12IM12QJ
21158;73216;10719;labour-data;debtor_occupation;conductor de transporte terrestre ;3;21/12/2023;DQ1ND12IM12QJ
21159;73216;10719;labour-data;id_debtor_position;0;3;21/12/2023;DQ1ND12IM12QJ
21160;73216;10719;labour-data;debtor_position;0;3;21/12/2023;DQ1ND12IM12QJ
21161;73216;10719;labour-data;debtor_business_type;;3;21/12/2023;DQ1ND12IM12QJ
21162;73216;10719;labour-data;debtor_business_name;;3;21/12/2023;DQ1ND12IM12QJ
21163;73216;10719;labour-data;debtor_business_date_admission;;3;21/12/2023;DQ1ND12IM12QJ
21164;73216;10719;labour-data;debtor_duration_of_curr_employment;0;3;21/12/2023;DQ1ND12IM12QJ
21165;73216;10719;labour-data;debtor_years_experience;20;3;21/12/2023;DQ1ND12IM12QJ
21166;73216;10719;labour-data;id_debtor_business_activity;21;3;21/12/2023;DQ1ND12IM12QJ
21167;73216;10719;labour-data;debtor_business_activity;transporte, vehículos y partes ;3;21/12/2023;DQ1ND12IM12QJ
21168;73216;10719;labour-data;debtor_business_phone;;3;21/12/2023;DQ1ND12IM12QJ
21169;73216;10719;labour-data;debtor_type_of_employment_contract;no-contract;3;21/12/2023;DQ1ND12IM12QJ
21170;73216;10719;labour-data;debtor_business_registration;no;3;21/12/2023;DQ1ND12IM12QJ
21171;73216;10719;labour-data;debtor_business_tin;;3;21/12/2023;DQ1ND12IM12QJ
21172;73216;10719;labour-data;id_debtor_other_income;0;3;21/12/2023;DQ1ND12IM12QJ
21173;73216;10719;labour-data;table data_centrales_riesgo_obligaciones;;3;21/12/2023;DQ1ND12IM12QJ
21174;73216;10719;credit-bureau-data;report_result;found;3;21/12/2023;DQ1ND12IM12QJ
21175;73216;10719;credit-bureau-data;report_checkid;7,42E+17;3;21/12/2023;DQ1ND12IM12QJ
21176;73216;10719;credit-bureau-data;report_date;19/12/2023 10:10;3;21/12/2023;DQ1ND12IM12QJ
21177;73216;10719;credit-bureau-data;debtor_credit_agency;transunion;3;21/12/2023;DQ1ND12IM12QJ
21178;73216;10719;credit-bureau-data;debtor_credit_score;315;3;21/12/2023;DQ1ND12IM12QJ
21179;73216;10719;credit-bureau-data;debtor_default_loans;4;3;21/12/2023;DQ1ND12IM12QJ
21180;73216;10719;credit-bureau-data;debtor_credit_agency_min_probable_income;1160000;3;21/12/2023;DQ1ND12IM12QJ
21181;73216;10719;credit-bureau-data;debtor_payment_capacity;254200;3;21/12/2023;DQ1ND12IM12QJ
21182;73216;10719;credit-bureau-data;debtor_current_loan_value;1591;3;21/12/2023;DQ1ND12IM12QJ
21183;73216;10719;credit-bureau-data;debtor_current_no_loans;6;3;21/12/2023;DQ1ND12IM12QJ
21184;73216;10719;credit-bureau-data;debtor_current_total_payment;221;3;21/12/2023;DQ1ND12IM12QJ
21185;73216;10719;credit-bureau-data;debtor_current_delinquency_value;1591;3;21/12/2023;DQ1ND12IM12QJ
21186;73216;10719;credit-bureau-data;debtor_current_no_loans_w_bad_reports;0;3;21/12/2023;DQ1ND12IM12QJ
21187;73216;10719;credit-bureau-data;debtor_total_loan_value;11821;3;21/12/2023;DQ1ND12IM12QJ
21188;73216;10719;credit-bureau-data;debtor_total_no_loans;2;3;21/12/2023;DQ1ND12IM12QJ
21189;73216;10719;credit-bureau-data;debtor_total_highest_loan_value;11375;3;21/12/2023;DQ1ND12IM12QJ
21190;73216;10719;credit-bureau-data;debtor_total_no_bad_reports;0;3;21/12/2023;DQ1ND12IM12QJ
21191;73216;10719;credit-bureau-data;debtor_total_max_bad_reports;0;3;21/12/2023;DQ1ND12IM12QJ
21192;73216;10719;credit-bureau-data;debtor_total_no_loans_w_bad_reports;0;3;21/12/2023;DQ1ND12IM12QJ
21193;73216;10719;credit-bureau-data;debtor_total_no_similar_loans;0;3;21/12/2023;DQ1ND12IM12QJ
21194;73216;10719;credit-bureau-data;debtor_closed_loan_value;11821;3;21/12/2023;DQ1ND12IM12QJ
21195;73216;10719;credit-bureau-data;debtor_closed_no_loans;2;3;21/12/2023;DQ1ND12IM12QJ
21196;73216;10719;credit-bureau-data;debtor_closed_highest_loan_value;11375;3;21/12/2023;DQ1ND12IM12QJ
21197;73216;10719;credit-bureau-data;debtor_closed_no_bad_reports;0;3;21/12/2023;DQ1ND12IM12QJ
21198;73216;10719;credit-bureau-data;debtor_closed_max_bad_reports;0;3;21/12/2023;DQ1ND12IM12QJ
21199;73216;10719;credit-bureau-data;debtor_closed_no_loans_w_bad_reports;0;3;21/12/2023;DQ1ND12IM12QJ
21200;73216;10719;credit-bureau-data;debtor_closed_no_similar_loans;0;3;21/12/2023;DQ1ND12IM12QJ
21201;73216;10719;credit-bureau-data;debtor_current_highest_loan_value;0;3;21/12/2023;DQ1ND12IM12QJ
21202;73216;10719;credit-bureau-data;debtor_current_no_bad_reports;0;3;21/12/2023;DQ1ND12IM12QJ
21203;73216;10719;credit-bureau-data;debtor_current_max_bad_reports;0;3;21/12/2023;DQ1ND12IM12QJ
21204;73216;10719;credit-bureau-data;debtor_current_no_loans_w_bad_reports;0;3;21/12/2023;DQ1ND12IM12QJ
21205;73216;10719;credit-bureau-data;debtor_current_no_similar_loans;0;3;21/12/2023;DQ1ND12IM12QJ
21206;73216;10719;credit-bureau-data;debtor_current_no_tcr;0;3;21/12/2023;DQ1ND12IM12QJ
21207;73216;10719;credit-bureau-data;debtor_current_tcr_initial_limit;0;3;21/12/2023;DQ1ND12IM12QJ
21208;73216;10719;credit-bureau-data;debtor_current_tcr_value;0;3;21/12/2023;DQ1ND12IM12QJ
21209;73216;10719;credit-bureau-data;debtor_current_tcr_usage;0;3;21/12/2023;DQ1ND12IM12QJ
21210;73216;10719;credit-bureau-data;table query_cr_obligaciones_1;;3;21/12/2023;DQ1ND12IM12QJ
21211;73216;10719;credit-bureau-data;table query_cr_obligaciones_2;;3;21/12/2023;DQ1ND12IM12QJ
21212;73216;10719;credit-bureau-data;table data_centrales_riesgo_obligaciones;;3;21/12/2023;DQ1ND12IM12QJ
21213;73216;10719;bank-statement-data;bank_statement_result;found;3;21/12/2023;DQ1ND12IM12QJ
21214;73216;10719;bank-statement-data;id_document;253.962.539.725.398;3;21/12/2023;DQ1ND12IM12QJ
21215;73216;10719;bank-statement-data;bank_account_validation;2,2,2;3;21/12/2023;DQ1ND12IM12QJ
21216;73216;10719;bank-statement-data;bank_statement_no_days;91;3;21/12/2023;DQ1ND12IM12QJ
21217;73216;10719;bank-statement-data;bank_statement_max_days_passed;82;3;21/12/2023;DQ1ND12IM12QJ
21218;73216;10719;bank-statement-data;bank_no_records;403;3;21/12/2023;DQ1ND12IM12QJ
21219;73216;10719;bank-statement-data;bank_monthly_avg_blance;319143,3267;3;21/12/2023;DQ1ND12IM12QJ
21220;73216;10719;bank-statement-data;bank_monthly_avg_credit_value;7166080,347;3;21/12/2023;DQ1ND12IM12QJ
21221;73216;10719;bank-statement-data;bank_monthly_avg_debit_value;7179994,333;3;21/12/2023;DQ1ND12IM12QJ
21222;73216;10719;bank-statement-data;bank_monthly_avg_payroll_value;0;3;21/12/2023;DQ1ND12IM12QJ
21223;73216;10719;bank-statement-data;bank_monthly_avg_no_credit_records;14,6667;3;21/12/2023;DQ1ND12IM12QJ
21224;73216;10719;bank-statement-data;bank_monthly_avg_no_payroll_records;0;3;21/12/2023;DQ1ND12IM12QJ
21225;73216;10719;income-tax-return-data;tax_report_result;not_required;3;21/12/2023;DQ1ND12IM12QJ
21226;73216;10719;income-tax-return-data;tax_report_year;;3;21/12/2023;DQ1ND12IM12QJ
21227;73216;10719;income-tax-return-data;tax_report_total_income_value;;3;21/12/2023;DQ1ND12IM12QJ
21228;73216;10719;income-tax-return-data;tax_report_total_assets_value;;3;21/12/2023;DQ1ND12IM12QJ
21229;73216;10719;income-tax-return-data;tax_report_total_equity_value;;3;21/12/2023;DQ1ND12IM12QJ
21230;73216;10719;income-tax-return-data;tax_report_total_debt_value;;3;21/12/2023;DQ1ND12IM12QJ
21231;73216;10719;income-tax-return-data;tax_report_total_tax;;3;21/12/2023;DQ1ND12IM12QJ
21232;73216;10719;income-tax-return-data;tax_report_value_to_pay;;3;21/12/2023;DQ1ND12IM12QJ
21233;73216;10719;background-checks-data;public_db_result;found;3;21/12/2023;DQ1ND12IM12QJ
21234;73216;10719;background-checks-data;public_db_check_id;CHKafdcefd5a34c76565ad6727b65d79be9;3;21/12/2023;DQ1ND12IM12QJ
21235;73216;10719;background-checks-data;public_db_check_id_date;19/12/2023 13:28;3;21/12/2023;DQ1ND12IM12QJ
21236;73216;10719;background-checks-data;public_db_no_lawsuits;4;3;21/12/2023;DQ1ND12IM12QJ
21237;73216;10719;background-checks-data;public_db_no_lawsuits_defendant;1;3;21/12/2023;DQ1ND12IM12QJ
21238;73216;10719;background-checks-data;public_db_no_lawsuits_defendant_money;;3;21/12/2023;DQ1ND12IM12QJ
21239;73216;10719;background-checks-data;public_db_tax_responsable;no;3;21/12/2023;DQ1ND12IM12QJ
21240;73216;10719;background-checks-data;public_db_tax_responsable_bdme;;3;21/12/2023;DQ1ND12IM12QJ
21241;73216;10719;background-checks-data;public_db_medical_status;activo;3;21/12/2023;DQ1ND12IM12QJ
21242;73216;10719;background-checks-data;public_db_medical_regime;subsidiado;3;21/12/2023;DQ1ND12IM12QJ
21243;73216;10719;background-checks-data;public_db_medical_type;beneficiario;3;21/12/2023;DQ1ND12IM12QJ
21244;73216;10719;background-checks-data;public_db_pension_status;activo cotizante;3;21/12/2023;DQ1ND12IM12QJ
21245;73216;10719;background-checks-data;public_db_pension_regime;pensiones: ahorro individual;3;21/12/2023;DQ1ND12IM12QJ
21246;73216;10719;background-checks-data;public_db_ccf_status;;3;21/12/2023;DQ1ND12IM12QJ
21247;73216;10719;background-checks-data;public_db_ccf_type;;3;21/12/2023;DQ1ND12IM12QJ
21248;73216;10719;background-checks-data;public_db_welfare_status;;3;21/12/2023;DQ1ND12IM12QJ
21249;73216;10719;background-checks-data;public_db_police_check_result;no presenta antecedentes;3;21/12/2023;DQ1ND12IM12QJ
21250;73216;10719;background-checks-data;public_db_check_dni;vigente;3;21/12/2023;DQ1ND12IM12QJ
21251;73216;10719;background-checks-data;public_db_check_pedofile;found-none;3;21/12/2023;DQ1ND12IM12QJ
21252;73216;10719;background-checks-data;public_db_personal_identity_score;10;3;21/12/2023;DQ1ND12IM12QJ
21253;73216;10719;background-checks-data;public_db_criminal_record_score;4;3;21/12/2023;DQ1ND12IM12QJ
21254;73216;10719;background-checks-data;public_db_legal_background_score;10;3;21/12/2023;DQ1ND12IM12QJ
21255;73216;10719;background-checks-data;public_db_international_background_score;10;3;21/12/2023;DQ1ND12IM12QJ
21256;73216;10719;background-checks-data;public_db_professional_background_score;10;3;21/12/2023;DQ1ND12IM12QJ
21257;73216;10719;background-checks-data;public_db_affiliations_and_insurances_score;10;3;21/12/2023;DQ1ND12IM12QJ
21258;73216;10719;background-checks-data;public_db_alert_in_media_score;10;3;21/12/2023;DQ1ND12IM12QJ
21259;73216;10719;background-checks-data;public_db_taxes_and_finances_score;10;3;21/12/2023;DQ1ND12IM12QJ
21260;73216;10719;background-checks-data;table data_proceso_judicial;;3;21/12/2023;DQ1ND12IM12QJ
21261;73216;10719;snr-data;snr_result;found;3;21/12/2023;DQ1ND12IM12QJ
21262;73216;10719;snr-data;snr_check_id;F20231219102950U10719S73216;3;21/12/2023;DQ1ND12IM12QJ
21263;73216;10719;snr-data;snr_check_id_date;19/12/2023 10:29;3;21/12/2023;DQ1ND12IM12QJ
21264;73216;10719;snr-data;snr_no_records;1;3;21/12/2023;DQ1ND12IM12QJ
21265;73216;10719;snr-data;snr_no_unique_id_number;1;3;21/12/2023;DQ1ND12IM12QJ
21266;73216;10719;snr-data;snr_estimated_unique_properties;1;3;21/12/2023;DQ1ND12IM12QJ
41493;77705;13907;general-loan-data;line_of_credit;3;3;23/02/2024;DN3NU03LE54TS
41494;77705;13907;general-loan-data;type_of_loan;H;3;23/02/2024;DN3NU03LE54TS
41495;77705;13907;general-loan-data;id_loan_request;77705;3;23/02/2024;DN3NU03LE54TS
41496;77705;13907;general-loan-data;original_amount;$ 170.000.000,00;3;23/02/2024;DN3NU03LE54TS
41497;77705;13907;general-loan-data;pct_interest_rate;0,305971629;3;23/02/2024;DN3NU03LE54TS
41498;77705;13907;general-loan-data;loan_to_value_ratio;0,582350729;3;23/02/2024;DN3NU03LE54TS
41499;77705;13907;general-loan-data;amortization_schedule;1;3;23/02/2024;DN3NU03LE54TS
41500;77705;13907;general-loan-data;payment_frequency;30;3;23/02/2024;DN3NU03LE54TS
41501;77705;13907;general-loan-data;value_monthly_payments;$ 4.108.826,00;3;23/02/2024;DN3NU03LE54TS
41502;77705;13907;general-loan-data;loan_duration;120;3;23/02/2024;DN3NU03LE54TS
41503;77705;13907;general-loan-data;no_debtors;2;3;23/02/2024;DN3NU03LE54TS
41504;77705;13907;other-loan-data;use_of_funds;small and medium enterprices;3;23/02/2024;DN3NU03LE54TS
41505;77705;13907;other-loan-data;advance_value;3500000;3;23/02/2024;DN3NU03LE54TS
41506;77705;13907;other-loan-data;advance_use_of_funds;to pay taxes;3;23/02/2024;DN3NU03LE54TS
41507;77705;13907;loan-scores;id_advisor;7603;3;23/02/2024;DN3NU03LE54TS
41508;77705;13907;loan-scores;beauty_score;5;3;23/02/2024;DN3NU03LE54TS
41509;77705;13907;loan-scores;cleaness_score;8;3;23/02/2024;DN3NU03LE54TS
41510;77705;13907;loan-scores;advisor_score;8;3;23/02/2024;DN3NU03LE54TS
41511;77705;13907;loan-scores;id_analist;is_missing;3;23/02/2024;DN3NU03LE54TS
41512;77705;13907;loan-scores;analist_score;4;3;23/02/2024;DN3NU03LE54TS
41513;77705;13907;loan-scores;id_inspector;0;3;23/02/2024;DN3NU03LE54TS
41514;77705;13907;loan-scores;inspection_score;0;3;23/02/2024;DN3NU03LE54TS
41515;77705;13907;collateral-data;id_collateral;1103;3;23/02/2024;DN3NU03LE54TS
41516;77705;13907;collateral-data;type_collateral;casa;3;23/02/2024;DN3NU03LE54TS
41517;77705;13907;collateral-data;id_location_collateral;354;3;23/02/2024;DN3NU03LE54TS
41518;77705;13907;collateral-data;location_collateral;funza;3;23/02/2024;DN3NU03LE54TS
41519;77705;13907;collateral-data;collateral_identification_number;50C-1980840;3;23/02/2024;DN3NU03LE54TS
41520;77705;13907;collateral-data;collateral_purchase_date;31/08/2016;3;23/02/2024;DN3NU03LE54TS
41521;77705;13907;collateral-data;collateral_tax_value;$ 113.145.000,00;3;23/02/2024;DN3NU03LE54TS
41522;77705;13907;collateral-data;collateral_commercial_value;$ 291.920.301,00;3;23/02/2024;DN3NU03LE54TS
41523;77705;13907;collateral-data;collateral_tax_to_value_ratio;0,3876;3;23/02/2024;DN3NU03LE54TS
41524;77705;13907;collateral-data;collateral_area;196;3;23/02/2024;DN3NU03LE54TS
41525;77705;13907;collateral-data;collateral_condominium_status;no;3;23/02/2024;DN3NU03LE54TS
41526;77705;13907;collateral-data;collateral_tax_status;delinquent;3;23/02/2024;DN3NU03LE54TS
41527;77705;13907;collateral-data;collateral_tax_delinquency_value;3500000;3;23/02/2024;DN3NU03LE54TS
41528;77705;13907;collateral-data;collateral_tax_no_delinquency_payments;5;3;23/02/2024;DN3NU03LE54TS
41529;77705;13907;collateral-data;collateral_admin_status;current;3;23/02/2024;DN3NU03LE54TS
41530;77705;13907;collateral-data;collateral_admin_delinquency_value;0;3;23/02/2024;DN3NU03LE54TS
41531;77705;13907;collateral-data;collateral_admin_no_delinquency_payments;0;3;23/02/2024;DN3NU03LE54TS
41532;77705;13907;collateral-taxes;tax_record_result;found;3;23/02/2024;DN3NU03LE54TS
41533;77705;13907;collateral-taxes;tax_record_no_records;1;3;23/02/2024;DN3NU03LE54TS
41534;77705;13907;collateral-taxes;tax_record_status;current;3;23/02/2024;DN3NU03LE54TS
41535;77705;13907;collateral-taxes;tax_record_delinquency_value;0;3;23/02/2024;DN3NU03LE54TS
41536;77705;13907;collateral-taxes;tax_record_no_delinquency_payments;0;3;23/02/2024;DN3NU03LE54TS
41537;77705;13907;collateral-taxes;tax_record_validation;is_inconsistent;3;23/02/2024;DN3NU03LE54TS
41538;77705;13907;collateral-taxes;table data_tax_record;;3;23/02/2024;DN3NU03LE54TS
41539;77705;13907;personal-data;id_user;13907;3;23/02/2024;DN3NU03LE54TS
41540;77705;13907;personal-data;id_type_debtor;1;3;23/02/2024;DN3NU03LE54TS
41541;77705;13907;personal-data;debtor_full_name;;3;23/02/2024;DN3NU03LE54TS
41542;77705;13907;personal-data;debtor_age;54;3;23/02/2024;DN3NU03LE54TS
41543;77705;13907;personal-data;debtor_gender;male;3;23/02/2024;DN3NU03LE54TS
41544;77705;13907;personal-data;debtor_type_dni;cc;3;23/02/2024;DN3NU03LE54TS
41545;77705;13907;personal-data;debtor_dni;79135431;3;23/02/2024;DN3NU03LE54TS
41546;77705;13907;personal-data;id_debtor_nacionality;43;3;23/02/2024;DN3NU03LE54TS
41547;77705;13907;personal-data;id_debtor_country_residence;52;3;23/02/2024;DN3NU03LE54TS
41548;77705;13907;personal-data;id_debtor_dept_residence;25;3;23/02/2024;DN3NU03LE54TS
41549;77705;13907;personal-data;id_debtor_mun_residence;354;3;23/02/2024;DN3NU03LE54TS
41550;77705;13907;personal-data;debtor_date_birth;29/01/1970;3;23/02/2024;DN3NU03LE54TS
41551;77705;13907;personal-data;debtor_marital_status;married;3;23/02/2024;DN3NU03LE54TS
41552;77705;13907;personal-data;debtor_social_stratum;2;3;23/02/2024;DN3NU03LE54TS
41553;77705;13907;personal-data;debtor_level_of_education;3;3;23/02/2024;DN3NU03LE54TS
41554;77705;13907;personal-data;debtor_no_dependants;0;3;23/02/2024;DN3NU03LE54TS
41555;77705;13907;personal-data;debtor_file_tax_reports;yes;3;23/02/2024;DN3NU03LE54TS
41556;77705;13907;personal-data;debtor_tenure_at_curr_address;52;3;23/02/2024;DN3NU03LE54TS
41557;77705;13907;personal-data;debtor_abroad_residence;no;3;23/02/2024;DN3NU03LE54TS
41558;77705;13907;personal-data;debtor_reports_credit_agency;no;3;23/02/2024;DN3NU03LE54TS
41559;77705;13907;personal-data;debtor_reports_credit_agency_party;;3;23/02/2024;DN3NU03LE54TS
41560;77705;13907;personal-data;debtor_reports_credit_agency_party_other;;3;23/02/2024;DN3NU03LE54TS
41561;77705;13907;labour-data;debtor_employment_status;self-employed;3;23/02/2024;DN3NU03LE54TS
41562;77705;13907;labour-data;id_debtor_range_of_income;13;3;23/02/2024;DN3NU03LE54TS
41563;77705;13907;labour-data;payroll_frequency;30;3;23/02/2024;DN3NU03LE54TS
41564;77705;13907;labour-data;id_debtor_bank;22;3;23/02/2024;DN3NU03LE54TS
41565;77705;13907;labour-data;id_debtor_occupation;290;3;23/02/2024;DN3NU03LE54TS
41566;77705;13907;labour-data;debtor_occupation;pintores y empapeladores;3;23/02/2024;DN3NU03LE54TS
41567;77705;13907;labour-data;id_debtor_position;0;3;23/02/2024;DN3NU03LE54TS
41568;77705;13907;labour-data;debtor_position;0;3;23/02/2024;DN3NU03LE54TS
41569;77705;13907;labour-data;debtor_business_type;;3;23/02/2024;DN3NU03LE54TS
41570;77705;13907;labour-data;debtor_business_name;;3;23/02/2024;DN3NU03LE54TS
41571;77705;13907;labour-data;debtor_business_date_admission;;3;23/02/2024;DN3NU03LE54TS
41572;77705;13907;labour-data;debtor_duration_of_curr_employment;0;3;23/02/2024;DN3NU03LE54TS
41573;77705;13907;labour-data;debtor_years_experience;15;3;23/02/2024;DN3NU03LE54TS
41574;77705;13907;labour-data;id_debtor_business_activity;17;3;23/02/2024;DN3NU03LE54TS
41575;77705;13907;labour-data;debtor_business_activity;servicios ;3;23/02/2024;DN3NU03LE54TS
41576;77705;13907;labour-data;debtor_business_phone;;3;23/02/2024;DN3NU03LE54TS
41577;77705;13907;labour-data;debtor_type_of_employment_contract;no-contract;3;23/02/2024;DN3NU03LE54TS
41578;77705;13907;labour-data;debtor_business_registration;yes;3;23/02/2024;DN3NU03LE54TS
41579;77705;13907;labour-data;debtor_business_tin;79135431-9;3;23/02/2024;DN3NU03LE54TS
41580;77705;13907;labour-data;id_debtor_other_income;0;3;23/02/2024;DN3NU03LE54TS
41581;77705;13907;labour-data;table data_centrales_riesgo_obligaciones;;3;23/02/2024;DN3NU03LE54TS
41582;77705;13907;credit-bureau-data;report_result;found;3;23/02/2024;DN3NU03LE54TS
41583;77705;13907;credit-bureau-data;report_checkid;1,77E+18;3;23/02/2024;DN3NU03LE54TS
41584;77705;13907;credit-bureau-data;report_date;20/02/2024 14:30;3;23/02/2024;DN3NU03LE54TS
41585;77705;13907;credit-bureau-data;debtor_credit_agency;transunion;3;23/02/2024;DN3NU03LE54TS
41586;77705;13907;credit-bureau-data;debtor_credit_score;439;3;23/02/2024;DN3NU03LE54TS
41587;77705;13907;credit-bureau-data;debtor_default_loans;4;3;23/02/2024;DN3NU03LE54TS
41588;77705;13907;credit-bureau-data;debtor_credit_agency_min_probable_income;1740721;3;23/02/2024;DN3NU03LE54TS
41589;77705;13907;credit-bureau-data;debtor_payment_capacity;-873523;3;23/02/2024;DN3NU03LE54TS
41590;77705;13907;credit-bureau-data;debtor_current_loan_value;46656;3;23/02/2024;DN3NU03LE54TS
41591;77705;13907;credit-bureau-data;debtor_current_no_loans;3;3;23/02/2024;DN3NU03LE54TS
41592;77705;13907;credit-bureau-data;debtor_current_total_payment;23292;3;23/02/2024;DN3NU03LE54TS
41593;77705;13907;credit-bureau-data;debtor_current_delinquency_value;25470;3;23/02/2024;DN3NU03LE54TS
41594;77705;13907;credit-bureau-data;debtor_current_no_loans_w_bad_reports;2;3;23/02/2024;DN3NU03LE54TS
41595;77705;13907;credit-bureau-data;debtor_total_loan_value;364980;3;23/02/2024;DN3NU03LE54TS
41596;77705;13907;credit-bureau-data;debtor_total_no_loans;29;3;23/02/2024;DN3NU03LE54TS
41597;77705;13907;credit-bureau-data;debtor_total_highest_loan_value;66000;3;23/02/2024;DN3NU03LE54TS
41598;77705;13907;credit-bureau-data;debtor_total_no_bad_reports;14;3;23/02/2024;DN3NU03LE54TS
41599;77705;13907;credit-bureau-data;debtor_total_max_bad_reports;12;3;23/02/2024;DN3NU03LE54TS
41600;77705;13907;credit-bureau-data;debtor_total_no_loans_w_bad_reports;2;3;23/02/2024;DN3NU03LE54TS
41601;77705;13907;credit-bureau-data;debtor_total_no_similar_loans;0;3;23/02/2024;DN3NU03LE54TS
41602;77705;13907;credit-bureau-data;debtor_closed_loan_value;266538;3;23/02/2024;DN3NU03LE54TS
41603;77705;13907;credit-bureau-data;debtor_closed_no_loans;27;3;23/02/2024;DN3NU03LE54TS
41604;77705;13907;credit-bureau-data;debtor_closed_highest_loan_value;60000;3;23/02/2024;DN3NU03LE54TS
41605;77705;13907;credit-bureau-data;debtor_closed_no_bad_reports;0;3;23/02/2024;DN3NU03LE54TS
41606;77705;13907;credit-bureau-data;debtor_closed_max_bad_reports;0;3;23/02/2024;DN3NU03LE54TS
41607;77705;13907;credit-bureau-data;debtor_closed_no_loans_w_bad_reports;0;3;23/02/2024;DN3NU03LE54TS
41608;77705;13907;credit-bureau-data;debtor_closed_no_similar_loans;0;3;23/02/2024;DN3NU03LE54TS
41609;77705;13907;credit-bureau-data;debtor_current_highest_loan_value;66000;3;23/02/2024;DN3NU03LE54TS
41610;77705;13907;credit-bureau-data;debtor_current_no_bad_reports;14;3;23/02/2024;DN3NU03LE54TS
41611;77705;13907;credit-bureau-data;debtor_current_max_bad_reports;12;3;23/02/2024;DN3NU03LE54TS
41612;77705;13907;credit-bureau-data;debtor_current_no_loans_w_bad_reports;2;3;23/02/2024;DN3NU03LE54TS
41613;77705;13907;credit-bureau-data;debtor_current_no_similar_loans;0;3;23/02/2024;DN3NU03LE54TS
41614;77705;13907;credit-bureau-data;debtor_current_no_tcr;0;3;23/02/2024;DN3NU03LE54TS
41615;77705;13907;credit-bureau-data;debtor_current_tcr_initial_limit;0;3;23/02/2024;DN3NU03LE54TS
41616;77705;13907;credit-bureau-data;debtor_current_tcr_value;0;3;23/02/2024;DN3NU03LE54TS
41617;77705;13907;credit-bureau-data;debtor_current_tcr_usage;0;3;23/02/2024;DN3NU03LE54TS
41618;77705;13907;credit-bureau-data;table query_cr_obligaciones_1;;3;23/02/2024;DN3NU03LE54TS
41619;77705;13907;credit-bureau-data;table query_cr_obligaciones_2;;3;23/02/2024;DN3NU03LE54TS
41620;77705;13907;credit-bureau-data;table data_centrales_riesgo_obligaciones;;3;23/02/2024;DN3NU03LE54TS
41621;77705;13907;bank-statement-data;bank_statement_result;found;3;23/02/2024;DN3NU03LE54TS
41622;77705;13907;bank-statement-data;id_document;29038;3;23/02/2024;DN3NU03LE54TS
41623;77705;13907;bank-statement-data;bank_account_validation;2;3;23/02/2024;DN3NU03LE54TS
41624;77705;13907;bank-statement-data;bank_statement_no_days;93;3;23/02/2024;DN3NU03LE54TS
41625;77705;13907;bank-statement-data;bank_statement_max_days_passed;54;3;23/02/2024;DN3NU03LE54TS
41626;77705;13907;bank-statement-data;bank_no_records;0;3;23/02/2024;DN3NU03LE54TS
41627;77705;13907;bank-statement-data;bank_monthly_avg_blance;0;3;23/02/2024;DN3NU03LE54TS
41628;77705;13907;bank-statement-data;bank_monthly_avg_credit_value;0;3;23/02/2024;DN3NU03LE54TS
41629;77705;13907;bank-statement-data;bank_monthly_avg_debit_value;0;3;23/02/2024;DN3NU03LE54TS
41630;77705;13907;bank-statement-data;bank_monthly_avg_payroll_value;0;3;23/02/2024;DN3NU03LE54TS
41631;77705;13907;bank-statement-data;bank_monthly_avg_no_credit_records;0;3;23/02/2024;DN3NU03LE54TS
41632;77705;13907;bank-statement-data;bank_monthly_avg_no_payroll_records;0;3;23/02/2024;DN3NU03LE54TS
41633;77705;13907;income-tax-return-data;tax_report_result;found;3;23/02/2024;DN3NU03LE54TS
41634;77705;13907;income-tax-return-data;tax_report_year;2022;3;23/02/2024;DN3NU03LE54TS
41635;77705;13907;income-tax-return-data;tax_report_total_income_value;$ 61.085.000,00;3;23/02/2024;DN3NU03LE54TS
41636;77705;13907;income-tax-return-data;tax_report_total_assets_value;$ 171.020.000,00;3;23/02/2024;DN3NU03LE54TS
41637;77705;13907;income-tax-return-data;tax_report_total_equity_value;$ 143.058.000,00;3;23/02/2024;DN3NU03LE54TS
41638;77705;13907;income-tax-return-data;tax_report_total_debt_value;$ 27.962.000,00;3;23/02/2024;DN3NU03LE54TS
41639;77705;13907;income-tax-return-data;tax_report_total_tax;$ 0,00;3;23/02/2024;DN3NU03LE54TS
41640;77705;13907;income-tax-return-data;tax_report_value_to_pay;$ 0,00;3;23/02/2024;DN3NU03LE54TS
41641;77705;13907;background-checks-data;public_db_result;found;3;23/02/2024;DN3NU03LE54TS
41642;77705;13907;background-checks-data;public_db_check_id;CHK15473869bb4fe82ad43aed7eb14d258e;3;23/02/2024;DN3NU03LE54TS
41643;77705;13907;background-checks-data;public_db_check_id_date;20/02/2024 17:19;3;23/02/2024;DN3NU03LE54TS
41644;77705;13907;background-checks-data;public_db_no_lawsuits;;3;23/02/2024;DN3NU03LE54TS
41645;77705;13907;background-checks-data;public_db_no_lawsuits_defendant;;3;23/02/2024;DN3NU03LE54TS
41646;77705;13907;background-checks-data;public_db_no_lawsuits_defendant_money;;3;23/02/2024;DN3NU03LE54TS
41647;77705;13907;background-checks-data;public_db_tax_responsable;no;3;23/02/2024;DN3NU03LE54TS
41648;77705;13907;background-checks-data;public_db_tax_responsable_bdme;;3;23/02/2024;DN3NU03LE54TS
41649;77705;13907;background-checks-data;public_db_medical_status;activo;3;23/02/2024;DN3NU03LE54TS
41650;77705;13907;background-checks-data;public_db_medical_regime;subsidiado;3;23/02/2024;DN3NU03LE54TS
41651;77705;13907;background-checks-data;public_db_medical_type;cabeza de familia;3;23/02/2024;DN3NU03LE54TS
41652;77705;13907;background-checks-data;public_db_pension_status;;3;23/02/2024;DN3NU03LE54TS
41653;77705;13907;background-checks-data;public_db_pension_regime;;3;23/02/2024;DN3NU03LE54TS
41654;77705;13907;background-checks-data;public_db_ccf_status;;3;23/02/2024;DN3NU03LE54TS
41655;77705;13907;background-checks-data;public_db_ccf_type;;3;23/02/2024;DN3NU03LE54TS
41656;77705;13907;background-checks-data;public_db_welfare_status;;3;23/02/2024;DN3NU03LE54TS
41657;77705;13907;background-checks-data;public_db_police_check_result;no presenta antecedentes;3;23/02/2024;DN3NU03LE54TS
41658;77705;13907;background-checks-data;public_db_check_dni;vigente;3;23/02/2024;DN3NU03LE54TS
41659;77705;13907;background-checks-data;public_db_check_pedofile;found-none;3;23/02/2024;DN3NU03LE54TS
41660;77705;13907;background-checks-data;public_db_personal_identity_score;10;3;23/02/2024;DN3NU03LE54TS
41661;77705;13907;background-checks-data;public_db_criminal_record_score;10;3;23/02/2024;DN3NU03LE54TS
41662;77705;13907;background-checks-data;public_db_legal_background_score;10;3;23/02/2024;DN3NU03LE54TS
41663;77705;13907;background-checks-data;public_db_international_background_score;10;3;23/02/2024;DN3NU03LE54TS
41664;77705;13907;background-checks-data;public_db_professional_background_score;10;3;23/02/2024;DN3NU03LE54TS
41665;77705;13907;background-checks-data;public_db_affiliations_and_insurances_score;10;3;23/02/2024;DN3NU03LE54TS
41666;77705;13907;background-checks-data;public_db_alert_in_media_score;10;3;23/02/2024;DN3NU03LE54TS
41667;77705;13907;background-checks-data;public_db_taxes_and_finances_score;10;3;23/02/2024;DN3NU03LE54TS
41668;77705;13907;background-checks-data;table data_proceso_judicial;;3;23/02/2024;DN3NU03LE54TS
41669;77705;13907;snr-data;snr_result;found;3;23/02/2024;DN3NU03LE54TS
41670;77705;13907;snr-data;snr_check_id;F20240221125850U13907S77705;3;23/02/2024;DN3NU03LE54TS
41671;77705;13907;snr-data;snr_check_id_date;21/02/2024 12:58;3;23/02/2024;DN3NU03LE54TS
41672;77705;13907;snr-data;snr_no_records;1;3;23/02/2024;DN3NU03LE54TS
41673;77705;13907;snr-data;snr_no_unique_id_number;1;3;23/02/2024;DN3NU03LE54TS
41674;77705;13907;snr-data;snr_estimated_unique_properties;1;3;23/02/2024;DN3NU03LE54TS
41675;77705;19821;personal-data;id_user;19821;3;23/02/2024;DN3NU03LE54TS
41676;77705;19821;personal-data;id_type_debtor;2;3;23/02/2024;DN3NU03LE54TS
41677;77705;19821;personal-data;debtor_full_name;;3;23/02/2024;DN3NU03LE54TS
41678;77705;19821;personal-data;debtor_age;48;3;23/02/2024;DN3NU03LE54TS
41679;77705;19821;personal-data;debtor_gender;female;3;23/02/2024;DN3NU03LE54TS
41680;77705;19821;personal-data;debtor_type_dni;cc;3;23/02/2024;DN3NU03LE54TS
41681;77705;19821;personal-data;debtor_dni;52660933;3;23/02/2024;DN3NU03LE54TS
41682;77705;19821;personal-data;id_debtor_nacionality;43;3;23/02/2024;DN3NU03LE54TS
41683;77705;19821;personal-data;id_debtor_country_residence;52;3;23/02/2024;DN3NU03LE54TS
41684;77705;19821;personal-data;id_debtor_dept_residence;25;3;23/02/2024;DN3NU03LE54TS
41685;77705;19821;personal-data;id_debtor_mun_residence;354;3;23/02/2024;DN3NU03LE54TS
41686;77705;19821;personal-data;debtor_date_birth;12/10/1975;3;23/02/2024;DN3NU03LE54TS
41687;77705;19821;personal-data;debtor_marital_status;married;3;23/02/2024;DN3NU03LE54TS
41688;77705;19821;personal-data;debtor_social_stratum;2;3;23/02/2024;DN3NU03LE54TS
41689;77705;19821;personal-data;debtor_level_of_education;3;3;23/02/2024;DN3NU03LE54TS
41690;77705;19821;personal-data;debtor_no_dependants;3;3;23/02/2024;DN3NU03LE54TS
41691;77705;19821;personal-data;debtor_file_tax_reports;no;3;23/02/2024;DN3NU03LE54TS
41692;77705;19821;personal-data;debtor_tenure_at_curr_address;40;3;23/02/2024;DN3NU03LE54TS
41693;77705;19821;personal-data;debtor_abroad_residence;no;3;23/02/2024;DN3NU03LE54TS
41694;77705;19821;personal-data;debtor_reports_credit_agency;no;3;23/02/2024;DN3NU03LE54TS
41695;77705;19821;personal-data;debtor_reports_credit_agency_party;;3;23/02/2024;DN3NU03LE54TS
41696;77705;19821;personal-data;debtor_reports_credit_agency_party_other;;3;23/02/2024;DN3NU03LE54TS
41697;77705;19821;labour-data;debtor_employment_status;self-employed;3;23/02/2024;DN3NU03LE54TS
41698;77705;19821;labour-data;id_debtor_range_of_income;5;3;23/02/2024;DN3NU03LE54TS
41699;77705;19821;labour-data;payroll_frequency;30;3;23/02/2024;DN3NU03LE54TS
41700;77705;19821;labour-data;id_debtor_bank;35;3;23/02/2024;DN3NU03LE54TS
41701;77705;19821;labour-data;id_debtor_occupation;182;3;23/02/2024;DN3NU03LE54TS
41702;77705;19821;labour-data;debtor_occupation;otro personal de limpieza no clasificados en otros grupos primarios ( limpiador de piscinas, limpiador de alfombras, drenajes);3;23/02/2024;DN3NU03LE54TS
41703;77705;19821;labour-data;id_debtor_position;0;3;23/02/2024;DN3NU03LE54TS
41704;77705;19821;labour-data;debtor_position;0;3;23/02/2024;DN3NU03LE54TS
41705;77705;19821;labour-data;debtor_business_type;;3;23/02/2024;DN3NU03LE54TS
41706;77705;19821;labour-data;debtor_business_name;;3;23/02/2024;DN3NU03LE54TS
41707;77705;19821;labour-data;debtor_business_date_admission;;3;23/02/2024;DN3NU03LE54TS
41708;77705;19821;labour-data;debtor_duration_of_curr_employment;0;3;23/02/2024;DN3NU03LE54TS
41709;77705;19821;labour-data;debtor_years_experience;30;3;23/02/2024;DN3NU03LE54TS
41710;77705;19821;labour-data;id_debtor_business_activity;17;3;23/02/2024;DN3NU03LE54TS
41711;77705;19821;labour-data;debtor_business_activity;servicios ;3;23/02/2024;DN3NU03LE54TS
41712;77705;19821;labour-data;debtor_business_phone;;3;23/02/2024;DN3NU03LE54TS
41713;77705;19821;labour-data;debtor_type_of_employment_contract;no-contract;3;23/02/2024;DN3NU03LE54TS
41714;77705;19821;labour-data;debtor_business_registration;no;3;23/02/2024;DN3NU03LE54TS
41715;77705;19821;labour-data;debtor_business_tin;;3;23/02/2024;DN3NU03LE54TS
41716;77705;19821;labour-data;id_debtor_other_income;0;3;23/02/2024;DN3NU03LE54TS
41717;77705;19821;labour-data;table data_centrales_riesgo_obligaciones;;3;23/02/2024;DN3NU03LE54TS
41718;77705;19821;credit-bureau-data;report_result;found;3;23/02/2024;DN3NU03LE54TS
41719;77705;19821;credit-bureau-data;report_checkid;1,77E+18;3;23/02/2024;DN3NU03LE54TS
41720;77705;19821;credit-bureau-data;report_date;20/02/2024 14:32;3;23/02/2024;DN3NU03LE54TS
41721;77705;19821;credit-bureau-data;debtor_credit_agency;transunion;3;23/02/2024;DN3NU03LE54TS
41722;77705;19821;credit-bureau-data;debtor_credit_score;642;3;23/02/2024;DN3NU03LE54TS
41723;77705;19821;credit-bureau-data;debtor_default_loans;3;3;23/02/2024;DN3NU03LE54TS
41724;77705;19821;credit-bureau-data;debtor_credit_agency_min_probable_income;1300000;3;23/02/2024;DN3NU03LE54TS
41725;77705;19821;credit-bureau-data;debtor_payment_capacity;306500;3;23/02/2024;DN3NU03LE54TS
41726;77705;19821;credit-bureau-data;debtor_current_loan_value;337;3;23/02/2024;DN3NU03LE54TS
41727;77705;19821;credit-bureau-data;debtor_current_no_loans;4;3;23/02/2024;DN3NU03LE54TS
41728;77705;19821;credit-bureau-data;debtor_current_total_payment;118;3;23/02/2024;DN3NU03LE54TS
41729;77705;19821;credit-bureau-data;debtor_current_delinquency_value;337;3;23/02/2024;DN3NU03LE54TS
41730;77705;19821;credit-bureau-data;debtor_current_no_loans_w_bad_reports;0;3;23/02/2024;DN3NU03LE54TS
41731;77705;19821;credit-bureau-data;debtor_total_loan_value;46880;3;23/02/2024;DN3NU03LE54TS
41732;77705;19821;credit-bureau-data;debtor_total_no_loans;5;3;23/02/2024;DN3NU03LE54TS
41733;77705;19821;credit-bureau-data;debtor_total_highest_loan_value;25000;3;23/02/2024;DN3NU03LE54TS
41734;77705;19821;credit-bureau-data;debtor_total_no_bad_reports;0;3;23/02/2024;DN3NU03LE54TS
41735;77705;19821;credit-bureau-data;debtor_total_max_bad_reports;0;3;23/02/2024;DN3NU03LE54TS
41736;77705;19821;credit-bureau-data;debtor_total_no_loans_w_bad_reports;0;3;23/02/2024;DN3NU03LE54TS
41737;77705;19821;credit-bureau-data;debtor_total_no_similar_loans;0;3;23/02/2024;DN3NU03LE54TS
41738;77705;19821;credit-bureau-data;debtor_closed_loan_value;46880;3;23/02/2024;DN3NU03LE54TS
41739;77705;19821;credit-bureau-data;debtor_closed_no_loans;5;3;23/02/2024;DN3NU03LE54TS
41740;77705;19821;credit-bureau-data;debtor_closed_highest_loan_value;25000;3;23/02/2024;DN3NU03LE54TS
41741;77705;19821;credit-bureau-data;debtor_closed_no_bad_reports;0;3;23/02/2024;DN3NU03LE54TS
41742;77705;19821;credit-bureau-data;debtor_closed_max_bad_reports;0;3;23/02/2024;DN3NU03LE54TS
41743;77705;19821;credit-bureau-data;debtor_closed_no_loans_w_bad_reports;0;3;23/02/2024;DN3NU03LE54TS
41744;77705;19821;credit-bureau-data;debtor_closed_no_similar_loans;0;3;23/02/2024;DN3NU03LE54TS
41745;77705;19821;credit-bureau-data;debtor_current_highest_loan_value;0;3;23/02/2024;DN3NU03LE54TS
41746;77705;19821;credit-bureau-data;debtor_current_no_bad_reports;0;3;23/02/2024;DN3NU03LE54TS
41747;77705;19821;credit-bureau-data;debtor_current_max_bad_reports;0;3;23/02/2024;DN3NU03LE54TS
41748;77705;19821;credit-bureau-data;debtor_current_no_loans_w_bad_reports;0;3;23/02/2024;DN3NU03LE54TS
41749;77705;19821;credit-bureau-data;debtor_current_no_similar_loans;0;3;23/02/2024;DN3NU03LE54TS
41750;77705;19821;credit-bureau-data;debtor_current_no_tcr;0;3;23/02/2024;DN3NU03LE54TS
41751;77705;19821;credit-bureau-data;debtor_current_tcr_initial_limit;0;3;23/02/2024;DN3NU03LE54TS
41752;77705;19821;credit-bureau-data;debtor_current_tcr_value;0;3;23/02/2024;DN3NU03LE54TS
41753;77705;19821;credit-bureau-data;debtor_current_tcr_usage;0;3;23/02/2024;DN3NU03LE54TS
41754;77705;19821;credit-bureau-data;table query_cr_obligaciones_1;;3;23/02/2024;DN3NU03LE54TS
41755;77705;19821;credit-bureau-data;table query_cr_obligaciones_2;;3;23/02/2024;DN3NU03LE54TS
41756;77705;19821;credit-bureau-data;table data_centrales_riesgo_obligaciones;;3;23/02/2024;DN3NU03LE54TS
41757;77705;19821;bank-statement-data;bank_statement_result;found;3;23/02/2024;DN3NU03LE54TS
41758;77705;19821;bank-statement-data;id_document;288.182.881.728.816;3;23/02/2024;DN3NU03LE54TS
41759;77705;19821;bank-statement-data;bank_account_validation;3,3,3;3;23/02/2024;DN3NU03LE54TS
41760;77705;19821;bank-statement-data;bank_statement_no_days;92;3;23/02/2024;DN3NU03LE54TS
41761;77705;19821;bank-statement-data;bank_statement_max_days_passed;85;3;23/02/2024;DN3NU03LE54TS
41762;77705;19821;bank-statement-data;bank_no_records;64;3;23/02/2024;DN3NU03LE54TS
41763;77705;19821;bank-statement-data;bank_monthly_avg_blance;35470,81;3;23/02/2024;DN3NU03LE54TS
41764;77705;19821;bank-statement-data;bank_monthly_avg_credit_value;3024672,26;3;23/02/2024;DN3NU03LE54TS
41765;77705;19821;bank-statement-data;bank_monthly_avg_debit_value;1974368,56;3;23/02/2024;DN3NU03LE54TS
41766;77705;19821;bank-statement-data;bank_monthly_avg_payroll_value;0;3;23/02/2024;DN3NU03LE54TS
41767;77705;19821;bank-statement-data;bank_monthly_avg_no_credit_records;6,3333;3;23/02/2024;DN3NU03LE54TS
41768;77705;19821;bank-statement-data;bank_monthly_avg_no_payroll_records;0;3;23/02/2024;DN3NU03LE54TS
41769;77705;19821;income-tax-return-data;tax_report_result;not_required;3;23/02/2024;DN3NU03LE54TS
41770;77705;19821;income-tax-return-data;tax_report_year;;3;23/02/2024;DN3NU03LE54TS
41771;77705;19821;income-tax-return-data;tax_report_total_income_value;;3;23/02/2024;DN3NU03LE54TS
41772;77705;19821;income-tax-return-data;tax_report_total_assets_value;;3;23/02/2024;DN3NU03LE54TS
41773;77705;19821;income-tax-return-data;tax_report_total_equity_value;;3;23/02/2024;DN3NU03LE54TS
41774;77705;19821;income-tax-return-data;tax_report_total_debt_value;;3;23/02/2024;DN3NU03LE54TS
41775;77705;19821;income-tax-return-data;tax_report_total_tax;;3;23/02/2024;DN3NU03LE54TS
41776;77705;19821;income-tax-return-data;tax_report_value_to_pay;;3;23/02/2024;DN3NU03LE54TS
41777;77705;19821;background-checks-data;public_db_result;found;3;23/02/2024;DN3NU03LE54TS
41778;77705;19821;background-checks-data;public_db_check_id;CHK6df7354323b979cfaa4183110061e8d8;3;23/02/2024;DN3NU03LE54TS
41779;77705;19821;background-checks-data;public_db_check_id_date;20/02/2024 17:19;3;23/02/2024;DN3NU03LE54TS
41780;77705;19821;background-checks-data;public_db_no_lawsuits;;3;23/02/2024;DN3NU03LE54TS
41781;77705;19821;background-checks-data;public_db_no_lawsuits_defendant;;3;23/02/2024;DN3NU03LE54TS
41782;77705;19821;background-checks-data;public_db_no_lawsuits_defendant_money;;3;23/02/2024;DN3NU03LE54TS
41783;77705;19821;background-checks-data;public_db_tax_responsable;no;3;23/02/2024;DN3NU03LE54TS
41784;77705;19821;background-checks-data;public_db_tax_responsable_bdme;;3;23/02/2024;DN3NU03LE54TS
41785;77705;19821;background-checks-data;public_db_medical_status;activo;3;23/02/2024;DN3NU03LE54TS
41786;77705;19821;background-checks-data;public_db_medical_regime;subsidiado;3;23/02/2024;DN3NU03LE54TS
41787;77705;19821;background-checks-data;public_db_medical_type;cabeza de familia;3;23/02/2024;DN3NU03LE54TS
41788;77705;19821;background-checks-data;public_db_pension_status;activo cotizante;3;23/02/2024;DN3NU03LE54TS
41789;77705;19821;background-checks-data;public_db_pension_regime;pensiones: ahorro individual;3;23/02/2024;DN3NU03LE54TS
41790;77705;19821;background-checks-data;public_db_ccf_status;;3;23/02/2024;DN3NU03LE54TS
41791;77705;19821;background-checks-data;public_db_ccf_type;;3;23/02/2024;DN3NU03LE54TS
41792;77705;19821;background-checks-data;public_db_welfare_status;;3;23/02/2024;DN3NU03LE54TS
41793;77705;19821;background-checks-data;public_db_police_check_result;no presenta antecedentes;3;23/02/2024;DN3NU03LE54TS
41794;77705;19821;background-checks-data;public_db_check_dni;vigente;3;23/02/2024;DN3NU03LE54TS
41795;77705;19821;background-checks-data;public_db_check_pedofile;found-none;3;23/02/2024;DN3NU03LE54TS
41796;77705;19821;background-checks-data;public_db_personal_identity_score;10;3;23/02/2024;DN3NU03LE54TS
41797;77705;19821;background-checks-data;public_db_criminal_record_score;10;3;23/02/2024;DN3NU03LE54TS
41798;77705;19821;background-checks-data;public_db_legal_background_score;10;3;23/02/2024;DN3NU03LE54TS
41799;77705;19821;background-checks-data;public_db_international_background_score;10;3;23/02/2024;DN3NU03LE54TS
41800;77705;19821;background-checks-data;public_db_professional_background_score;10;3;23/02/2024;DN3NU03LE54TS
41801;77705;19821;background-checks-data;public_db_affiliations_and_insurances_score;10;3;23/02/2024;DN3NU03LE54TS
41802;77705;19821;background-checks-data;public_db_alert_in_media_score;10;3;23/02/2024;DN3NU03LE54TS
41803;77705;19821;background-checks-data;public_db_taxes_and_finances_score;10;3;23/02/2024;DN3NU03LE54TS
41804;77705;19821;background-checks-data;table data_proceso_judicial;;3;23/02/2024;DN3NU03LE54TS
41805;77705;19821;snr-data;snr_result;found;3;23/02/2024;DN3NU03LE54TS
41806;77705;19821;snr-data;snr_check_id;F20240221125926U19821S77705;3;23/02/2024;DN3NU03LE54TS
41807;77705;19821;snr-data;snr_check_id_date;21/02/2024 12:59;3;23/02/2024;DN3NU03LE54TS
41808;77705;19821;snr-data;snr_no_records;;3;23/02/2024;DN3NU03LE54TS
41809;77705;19821;snr-data;snr_no_unique_id_number;;3;23/02/2024;DN3NU03LE54TS
41810;77705;19821;snr-data;snr_estimated_unique_properties;;3;23/02/2024;DN3NU03LE54TS
105839;77628;13835;general-loan-data;line_of_credit;3;3;3/07/2024;DM6EK65YZ29WR
105840;77628;13835;general-loan-data;type_of_loan;H;3;3/07/2024;DM6EK65YZ29WR
105841;77628;13835;general-loan-data;id_loan_request;77628;3;3/07/2024;DM6EK65YZ29WR
105842;77628;13835;general-loan-data;original_amount;$ 130.000.000,00;3;3/07/2024;DM6EK65YZ29WR
105843;77628;13835;general-loan-data;pct_interest_rate;0,338450111;3;3/07/2024;DM6EK65YZ29WR
105844;77628;13835;general-loan-data;loan_to_value_ratio;0,343663152;3;3/07/2024;DM6EK65YZ29WR
105845;77628;13835;general-loan-data;amortization_schedule;1;3;3/07/2024;DM6EK65YZ29WR
105846;77628;13835;general-loan-data;payment_frequency;30;3;3/07/2024;DM6EK65YZ29WR
105847;77628;13835;general-loan-data;value_monthly_payments;$ 3.674.192,00;3;3/07/2024;DM6EK65YZ29WR
105848;77628;13835;general-loan-data;loan_duration;84;3;3/07/2024;DM6EK65YZ29WR
105849;77628;13835;general-loan-data;no_debtors;3;3;3/07/2024;DM6EK65YZ29WR
105850;77628;13835;other-loan-data;use_of_funds;debt restructuring;3;3/07/2024;DM6EK65YZ29WR
105851;77628;13835;other-loan-data;advance_value;3000000;3;3/07/2024;DM6EK65YZ29WR
105852;77628;13835;other-loan-data;advance_use_of_funds;to pay taxes;3;3/07/2024;DM6EK65YZ29WR
105853;77628;13835;loan-scores;id_advisor;2503;3;3/07/2024;DM6EK65YZ29WR
105854;77628;13835;loan-scores;beauty_score;8;3;3/07/2024;DM6EK65YZ29WR
105855;77628;13835;loan-scores;cleaness_score;9;3;3/07/2024;DM6EK65YZ29WR
105856;77628;13835;loan-scores;advisor_score;9;3;3/07/2024;DM6EK65YZ29WR
105857;77628;13835;loan-scores;id_analist;6353;3;3/07/2024;DM6EK65YZ29WR
105858;77628;13835;loan-scores;analist_score;8;3;3/07/2024;DM6EK65YZ29WR
105859;77628;13835;loan-scores;id_inspector;0;3;3/07/2024;DM6EK65YZ29WR
105860;77628;13835;loan-scores;inspection_score;0;3;3/07/2024;DM6EK65YZ29WR
105861;77628;13835;collateral-data;id_collateral;1326;3;3/07/2024;DM6EK65YZ29WR
105862;77628;13835;collateral-data;type_collateral;casa;3;3/07/2024;DM6EK65YZ29WR
105863;77628;13835;collateral-data;id_location_collateral;107;3;3/07/2024;DM6EK65YZ29WR
105864;77628;13835;collateral-data;location_collateral;bogota d.c.;3;3/07/2024;DM6EK65YZ29WR
105865;77628;13835;collateral-data;collateral_identification_number; 50S-120290;3;3/07/2024;DM6EK65YZ29WR
105866;77628;13835;collateral-data;collateral_purchase_date;25/08/2020;3;3/07/2024;DM6EK65YZ29WR
105867;77628;13835;collateral-data;collateral_tax_value;$ 191.376.000,00;3;3/07/2024;DM6EK65YZ29WR
105868;77628;13835;collateral-data;collateral_commercial_value;$ 378.277.390,00;3;3/07/2024;DM6EK65YZ29WR
105869;77628;13835;collateral-data;collateral_tax_to_value_ratio;0,5059;3;3/07/2024;DM6EK65YZ29WR
105870;77628;13835;collateral-data;collateral_area;198;3;3/07/2024;DM6EK65YZ29WR
105871;77628;13835;collateral-data;collateral_condominium_status;no;3;3/07/2024;DM6EK65YZ29WR
105872;77628;13835;collateral-data;collateral_tax_status;delinquent;3;3/07/2024;DM6EK65YZ29WR
105873;77628;13835;collateral-data;collateral_tax_delinquency_value;3000000;3;3/07/2024;DM6EK65YZ29WR
105874;77628;13835;collateral-data;collateral_tax_no_delinquency_payments;2;3;3/07/2024;DM6EK65YZ29WR
105875;77628;13835;collateral-data;collateral_admin_status;not_required;3;3/07/2024;DM6EK65YZ29WR
105876;77628;13835;collateral-data;collateral_admin_delinquency_value;;3;3/07/2024;DM6EK65YZ29WR
105877;77628;13835;collateral-data;collateral_admin_no_delinquency_payments;;3;3/07/2024;DM6EK65YZ29WR
105878;77628;13835;collateral-taxes;tax_record_result;found;3;3/07/2024;DM6EK65YZ29WR
105879;77628;13835;collateral-taxes;tax_record_no_records;2;3;3/07/2024;DM6EK65YZ29WR
105880;77628;13835;collateral-taxes;tax_record_status;delinquent;3;3/07/2024;DM6EK65YZ29WR
105881;77628;13835;collateral-taxes;tax_record_delinquency_value;0;3;3/07/2024;DM6EK65YZ29WR
105882;77628;13835;collateral-taxes;tax_record_no_delinquency_payments;1;3;3/07/2024;DM6EK65YZ29WR
105883;77628;13835;collateral-taxes;tax_record_validation;consistent;3;3/07/2024;DM6EK65YZ29WR
105884;77628;13835;collateral-taxes;table data_tax_record;;3;3/07/2024;DM6EK65YZ29WR
105885;77628;13835;personal-data;id_user;13835;3;3/07/2024;DM6EK65YZ29WR
105886;77628;13835;personal-data;id_type_debtor;1;3;3/07/2024;DM6EK65YZ29WR
105887;77628;13835;personal-data;debtor_full_name;;3;3/07/2024;DM6EK65YZ29WR
105888;77628;13835;personal-data;debtor_age;51;3;3/07/2024;DM6EK65YZ29WR
105889;77628;13835;personal-data;debtor_gender;male;3;3/07/2024;DM6EK65YZ29WR
105890;77628;13835;personal-data;debtor_type_dni;cc;3;3/07/2024;DM6EK65YZ29WR
105891;77628;13835;personal-data;debtor_dni;79665723;3;3/07/2024;DM6EK65YZ29WR
105892;77628;13835;personal-data;id_debtor_nacionality;43;3;3/07/2024;DM6EK65YZ29WR
105893;77628;13835;personal-data;id_debtor_country_residence;52;3;3/07/2024;DM6EK65YZ29WR
105894;77628;13835;personal-data;id_debtor_dept_residence;11;3;3/07/2024;DM6EK65YZ29WR
105895;77628;13835;personal-data;id_debtor_mun_residence;107;3;3/07/2024;DM6EK65YZ29WR
105896;77628;13835;personal-data;debtor_date_birth;13/11/1972;3;3/07/2024;DM6EK65YZ29WR
105897;77628;13835;personal-data;debtor_marital_status;married;3;3/07/2024;DM6EK65YZ29WR
105898;77628;13835;personal-data;debtor_social_stratum;2;3;3/07/2024;DM6EK65YZ29WR
105899;77628;13835;personal-data;debtor_level_of_education;3;3;3/07/2024;DM6EK65YZ29WR
105900;77628;13835;personal-data;debtor_no_dependants;3;3;3/07/2024;DM6EK65YZ29WR
105901;77628;13835;personal-data;debtor_file_tax_reports;yes;3;3/07/2024;DM6EK65YZ29WR
105902;77628;13835;personal-data;debtor_tenure_at_curr_address;5;3;3/07/2024;DM6EK65YZ29WR
105903;77628;13835;personal-data;debtor_abroad_residence;no;3;3/07/2024;DM6EK65YZ29WR
105904;77628;13835;personal-data;debtor_reports_credit_agency;no;3;3/07/2024;DM6EK65YZ29WR
105905;77628;13835;personal-data;debtor_reports_credit_agency_party;;3;3/07/2024;DM6EK65YZ29WR
105906;77628;13835;personal-data;debtor_reports_credit_agency_party_other;;3;3/07/2024;DM6EK65YZ29WR
105907;77628;13835;labour-data;debtor_employment_status;self-employed;3;3/07/2024;DM6EK65YZ29WR
105908;77628;13835;labour-data;id_debtor_range_of_income;13;3;3/07/2024;DM6EK65YZ29WR
105909;77628;13835;labour-data;payroll_frequency;30;3;3/07/2024;DM6EK65YZ29WR
105910;77628;13835;labour-data;id_debtor_bank;4;3;3/07/2024;DM6EK65YZ29WR
105911;77628;13835;labour-data;id_debtor_occupation;313;3;3/07/2024;DM6EK65YZ29WR
105912;77628;13835;labour-data;debtor_occupation;arquitectos constructores;3;3/07/2024;DM6EK65YZ29WR
105913;77628;13835;labour-data;id_debtor_position;0;3;3/07/2024;DM6EK65YZ29WR
105914;77628;13835;labour-data;debtor_position;0;3;3/07/2024;DM6EK65YZ29WR
105915;77628;13835;labour-data;debtor_business_type;;3;3/07/2024;DM6EK65YZ29WR
105916;77628;13835;labour-data;debtor_business_name;;3;3/07/2024;DM6EK65YZ29WR
105917;77628;13835;labour-data;debtor_business_date_admission;;3;3/07/2024;DM6EK65YZ29WR
105918;77628;13835;labour-data;debtor_duration_of_curr_employment;0;3;3/07/2024;DM6EK65YZ29WR
105919;77628;13835;labour-data;debtor_years_experience;20;3;3/07/2024;DM6EK65YZ29WR
105920;77628;13835;labour-data;id_debtor_business_activity;6;3;3/07/2024;DM6EK65YZ29WR
105921;77628;13835;labour-data;debtor_business_activity;construcción ;3;3/07/2024;DM6EK65YZ29WR
105922;77628;13835;labour-data;debtor_business_phone;;3;3/07/2024;DM6EK65YZ29WR
105923;77628;13835;labour-data;debtor_type_of_employment_contract;no-contract;3;3/07/2024;DM6EK65YZ29WR
105924;77628;13835;labour-data;debtor_business_registration;yes;3;3/07/2024;DM6EK65YZ29WR
105925;77628;13835;labour-data;debtor_business_tin;901184408-9;3;3/07/2024;DM6EK65YZ29WR
105926;77628;13835;labour-data;id_debtor_other_income;0;3;3/07/2024;DM6EK65YZ29WR
105927;77628;13835;labour-data;table data_centrales_riesgo_obligaciones;;3;3/07/2024;DM6EK65YZ29WR
105928;77628;13835;credit-bureau-data;report_result;found;3;3/07/2024;DM6EK65YZ29WR
105929;77628;13835;credit-bureau-data;report_checkid;3,79E+18;3;3/07/2024;DM6EK65YZ29WR
105930;77628;13835;credit-bureau-data;report_date;27/06/2024 9:24;3;3/07/2024;DM6EK65YZ29WR
105931;77628;13835;credit-bureau-data;debtor_credit_agency;transunion;3;3/07/2024;DM6EK65YZ29WR
105932;77628;13835;credit-bureau-data;debtor_credit_score;619;3;3/07/2024;DM6EK65YZ29WR
105933;77628;13835;credit-bureau-data;debtor_default_loans;1;3;3/07/2024;DM6EK65YZ29WR
105934;77628;13835;credit-bureau-data;debtor_credit_agency_min_probable_income;7637000;3;3/07/2024;DM6EK65YZ29WR
105935;77628;13835;credit-bureau-data;debtor_payment_capacity;2719170;3;3/07/2024;DM6EK65YZ29WR
105936;77628;13835;credit-bureau-data;debtor_current_loan_value;74583;3;3/07/2024;DM6EK65YZ29WR
105937;77628;13835;credit-bureau-data;debtor_current_no_loans;8;3;3/07/2024;DM6EK65YZ29WR
105938;77628;13835;credit-bureau-data;debtor_current_total_payment;5058;3;3/07/2024;DM6EK65YZ29WR
105939;77628;13835;credit-bureau-data;debtor_current_delinquency_value;2702;3;3/07/2024;DM6EK65YZ29WR
105940;77628;13835;credit-bureau-data;debtor_current_no_loans_w_bad_reports;2;3;3/07/2024;DM6EK65YZ29WR
105941;77628;13835;credit-bureau-data;debtor_total_loan_value;142718;3;3/07/2024;DM6EK65YZ29WR
105942;77628;13835;credit-bureau-data;debtor_total_no_loans;6;3;3/07/2024;DM6EK65YZ29WR
105943;77628;13835;credit-bureau-data;debtor_total_highest_loan_value;77604;3;3/07/2024;DM6EK65YZ29WR
105944;77628;13835;credit-bureau-data;debtor_total_no_bad_reports;22;3;3/07/2024;DM6EK65YZ29WR
105945;77628;13835;credit-bureau-data;debtor_total_max_bad_reports;11;3;3/07/2024;DM6EK65YZ29WR
105946;77628;13835;credit-bureau-data;debtor_total_no_loans_w_bad_reports;2;3;3/07/2024;DM6EK65YZ29WR
105947;77628;13835;credit-bureau-data;debtor_total_no_similar_loans;0;3;3/07/2024;DM6EK65YZ29WR
105948;77628;13835;credit-bureau-data;debtor_closed_loan_value;60767;3;3/07/2024;DM6EK65YZ29WR
105949;77628;13835;credit-bureau-data;debtor_closed_no_loans;3;3;3/07/2024;DM6EK65YZ29WR
105950;77628;13835;credit-bureau-data;debtor_closed_highest_loan_value;57246;3;3/07/2024;DM6EK65YZ29WR
105951;77628;13835;credit-bureau-data;debtor_closed_no_bad_reports;0;3;3/07/2024;DM6EK65YZ29WR
105952;77628;13835;credit-bureau-data;debtor_closed_max_bad_reports;0;3;3/07/2024;DM6EK65YZ29WR
105953;77628;13835;credit-bureau-data;debtor_closed_no_loans_w_bad_reports;0;3;3/07/2024;DM6EK65YZ29WR
105954;77628;13835;credit-bureau-data;debtor_closed_no_similar_loans;0;3;3/07/2024;DM6EK65YZ29WR
105955;77628;13835;credit-bureau-data;debtor_current_highest_loan_value;77604;3;3/07/2024;DM6EK65YZ29WR
105956;77628;13835;credit-bureau-data;debtor_current_no_bad_reports;22;3;3/07/2024;DM6EK65YZ29WR
105957;77628;13835;credit-bureau-data;debtor_current_max_bad_reports;11;3;3/07/2024;DM6EK65YZ29WR
105958;77628;13835;credit-bureau-data;debtor_current_no_loans_w_bad_reports;2;3;3/07/2024;DM6EK65YZ29WR
105959;77628;13835;credit-bureau-data;debtor_current_no_similar_loans;0;3;3/07/2024;DM6EK65YZ29WR
105960;77628;13835;credit-bureau-data;debtor_current_no_tcr;0;3;3/07/2024;DM6EK65YZ29WR
105961;77628;13835;credit-bureau-data;debtor_current_tcr_initial_limit;0;3;3/07/2024;DM6EK65YZ29WR
105962;77628;13835;credit-bureau-data;debtor_current_tcr_value;0;3;3/07/2024;DM6EK65YZ29WR
105963;77628;13835;credit-bureau-data;debtor_current_tcr_usage;0;3;3/07/2024;DM6EK65YZ29WR
105964;77628;13835;credit-bureau-data;table query_cr_obligaciones_1;;3;3/07/2024;DM6EK65YZ29WR
105965;77628;13835;credit-bureau-data;table query_cr_obligaciones_2;;3;3/07/2024;DM6EK65YZ29WR
105966;77628;13835;credit-bureau-data;table data_centrales_riesgo_obligaciones;;3;3/07/2024;DM6EK65YZ29WR
105967;77628;13835;bank-statement-data;bank_statement_result;found;3;3/07/2024;DM6EK65YZ29WR
105968;77628;13835;bank-statement-data;id_document;36543;3;3/07/2024;DM6EK65YZ29WR
105969;77628;13835;bank-statement-data;bank_account_validation;2;3;3/07/2024;DM6EK65YZ29WR
105970;77628;13835;bank-statement-data;bank_statement_no_days;91;3;3/07/2024;DM6EK65YZ29WR
105971;77628;13835;bank-statement-data;bank_statement_max_days_passed;94;3;3/07/2024;DM6EK65YZ29WR
105972;77628;13835;bank-statement-data;bank_no_records;0;3;3/07/2024;DM6EK65YZ29WR
105973;77628;13835;bank-statement-data;bank_monthly_avg_blance;0;3;3/07/2024;DM6EK65YZ29WR
105974;77628;13835;bank-statement-data;bank_monthly_avg_credit_value;0;3;3/07/2024;DM6EK65YZ29WR
105975;77628;13835;bank-statement-data;bank_monthly_avg_debit_value;0;3;3/07/2024;DM6EK65YZ29WR
105976;77628;13835;bank-statement-data;bank_monthly_avg_payroll_value;0;3;3/07/2024;DM6EK65YZ29WR
105977;77628;13835;bank-statement-data;bank_monthly_avg_no_credit_records;0;3;3/07/2024;DM6EK65YZ29WR
105978;77628;13835;bank-statement-data;bank_monthly_avg_no_payroll_records;0;3;3/07/2024;DM6EK65YZ29WR
105979;77628;13835;income-tax-return-data;tax_report_result;found;3;3/07/2024;DM6EK65YZ29WR
105980;77628;13835;income-tax-return-data;tax_report_year;2022;3;3/07/2024;DM6EK65YZ29WR
105981;77628;13835;income-tax-return-data;tax_report_total_income_value;$ 54.140.000,00;3;3/07/2024;DM6EK65YZ29WR
105982;77628;13835;income-tax-return-data;tax_report_total_assets_value;$ 294.038.000,00;3;3/07/2024;DM6EK65YZ29WR
105983;77628;13835;income-tax-return-data;tax_report_total_equity_value;$ 218.816.000,00;3;3/07/2024;DM6EK65YZ29WR
105984;77628;13835;income-tax-return-data;tax_report_total_debt_value;$ 75.222.000,00;3;3/07/2024;DM6EK65YZ29WR
105985;77628;13835;income-tax-return-data;tax_report_total_tax;$ 524.000,00;3;3/07/2024;DM6EK65YZ29WR
105986;77628;13835;income-tax-return-data;tax_report_value_to_pay;$ 0,00;3;3/07/2024;DM6EK65YZ29WR
105987;77628;13835;background-checks-data;public_db_result;found;3;3/07/2024;DM6EK65YZ29WR
105988;77628;13835;background-checks-data;public_db_check_id;CHK559e043a8365eb90af45f3c2a7988568;3;3/07/2024;DM6EK65YZ29WR
105989;77628;13835;background-checks-data;public_db_check_id_date;27/06/2024 12:46;3;3/07/2024;DM6EK65YZ29WR
105990;77628;13835;background-checks-data;public_db_no_lawsuits;3;3;3/07/2024;DM6EK65YZ29WR
105991;77628;13835;background-checks-data;public_db_no_lawsuits_defendant;3;3;3/07/2024;DM6EK65YZ29WR
105992;77628;13835;background-checks-data;public_db_no_lawsuits_defendant_money;3;3;3/07/2024;DM6EK65YZ29WR
105993;77628;13835;background-checks-data;public_db_tax_responsable;no;3;3/07/2024;DM6EK65YZ29WR
105994;77628;13835;background-checks-data;public_db_tax_responsable_bdme;;3;3/07/2024;DM6EK65YZ29WR
105995;77628;13835;background-checks-data;public_db_medical_status;;3;3/07/2024;DM6EK65YZ29WR
105996;77628;13835;background-checks-data;public_db_medical_regime;;3;3/07/2024;DM6EK65YZ29WR
105997;77628;13835;background-checks-data;public_db_medical_type;;3;3/07/2024;DM6EK65YZ29WR
105998;77628;13835;background-checks-data;public_db_pension_status;;3;3/07/2024;DM6EK65YZ29WR
105999;77628;13835;background-checks-data;public_db_pension_regime;;3;3/07/2024;DM6EK65YZ29WR
106000;77628;13835;background-checks-data;public_db_ccf_status;;3;3/07/2024;DM6EK65YZ29WR
106001;77628;13835;background-checks-data;public_db_ccf_type;;3;3/07/2024;DM6EK65YZ29WR
106002;77628;13835;background-checks-data;public_db_welfare_status;;3;3/07/2024;DM6EK65YZ29WR
106003;77628;13835;background-checks-data;public_db_police_check_result;no presenta antecedentes;3;3/07/2024;DM6EK65YZ29WR
106004;77628;13835;background-checks-data;public_db_check_dni;vigente;3;3/07/2024;DM6EK65YZ29WR
106005;77628;13835;background-checks-data;public_db_check_pedofile;found-none;3;3/07/2024;DM6EK65YZ29WR
106006;77628;13835;background-checks-data;public_db_personal_identity_score;10;3;3/07/2024;DM6EK65YZ29WR
106007;77628;13835;background-checks-data;public_db_criminal_record_score;10;3;3/07/2024;DM6EK65YZ29WR
106008;77628;13835;background-checks-data;public_db_legal_background_score;2;3;3/07/2024;DM6EK65YZ29WR
106009;77628;13835;background-checks-data;public_db_international_background_score;10;3;3/07/2024;DM6EK65YZ29WR
106010;77628;13835;background-checks-data;public_db_professional_background_score;10;3;3/07/2024;DM6EK65YZ29WR
106011;77628;13835;background-checks-data;public_db_affiliations_and_insurances_score;10;3;3/07/2024;DM6EK65YZ29WR
106012;77628;13835;background-checks-data;public_db_alert_in_media_score;10;3;3/07/2024;DM6EK65YZ29WR
106013;77628;13835;background-checks-data;public_db_taxes_and_finances_score;10;3;3/07/2024;DM6EK65YZ29WR
106014;77628;13835;background-checks-data;table data_proceso_judicial;;3;3/07/2024;DM6EK65YZ29WR
106015;77628;13835;snr-data;snr_result;found;3;3/07/2024;DM6EK65YZ29WR
106016;77628;13835;snr-data;snr_check_id;F20240627100157U13835S77628;3;3/07/2024;DM6EK65YZ29WR
106017;77628;13835;snr-data;snr_check_id_date;27/06/2024 10:01;3;3/07/2024;DM6EK65YZ29WR
106018;77628;13835;snr-data;snr_no_records;2;3;3/07/2024;DM6EK65YZ29WR
106019;77628;13835;snr-data;snr_no_unique_id_number;2;3;3/07/2024;DM6EK65YZ29WR
106020;77628;13835;snr-data;snr_estimated_unique_properties;manual_review;3;3/07/2024;DM6EK65YZ29WR
106021;77628;22972;personal-data;id_user;22972;3;3/07/2024;DM6EK65YZ29WR
106022;77628;22972;personal-data;id_type_debtor;2;3;3/07/2024;DM6EK65YZ29WR
106023;77628;22972;personal-data;debtor_full_name;;3;3/07/2024;DM6EK65YZ29WR
106024;77628;22972;personal-data;debtor_age;30;3;3/07/2024;DM6EK65YZ29WR
106025;77628;22972;personal-data;debtor_gender;female;3;3/07/2024;DM6EK65YZ29WR
106026;77628;22972;personal-data;debtor_type_dni;cc;3;3/07/2024;DM6EK65YZ29WR
106027;77628;22972;personal-data;debtor_dni;1121903734;3;3/07/2024;DM6EK65YZ29WR
106028;77628;22972;personal-data;id_debtor_nacionality;43;3;3/07/2024;DM6EK65YZ29WR
106029;77628;22972;personal-data;id_debtor_country_residence;52;3;3/07/2024;DM6EK65YZ29WR
106030;77628;22972;personal-data;id_debtor_dept_residence;11;3;3/07/2024;DM6EK65YZ29WR
106031;77628;22972;personal-data;id_debtor_mun_residence;107;3;3/07/2024;DM6EK65YZ29WR
106032;77628;22972;personal-data;debtor_date_birth;20/09/1993;3;3/07/2024;DM6EK65YZ29WR
106033;77628;22972;personal-data;debtor_marital_status;married;3;3/07/2024;DM6EK65YZ29WR
106034;77628;22972;personal-data;debtor_social_stratum;2;3;3/07/2024;DM6EK65YZ29WR
106035;77628;22972;personal-data;debtor_level_of_education;6;3;3/07/2024;DM6EK65YZ29WR
106036;77628;22972;personal-data;debtor_no_dependants;1;3;3/07/2024;DM6EK65YZ29WR
106037;77628;22972;personal-data;debtor_file_tax_reports;no;3;3/07/2024;DM6EK65YZ29WR
106038;77628;22972;personal-data;debtor_tenure_at_curr_address;5;3;3/07/2024;DM6EK65YZ29WR
106039;77628;22972;personal-data;debtor_abroad_residence;no;3;3/07/2024;DM6EK65YZ29WR
106040;77628;22972;personal-data;debtor_reports_credit_agency;no;3;3/07/2024;DM6EK65YZ29WR
106041;77628;22972;personal-data;debtor_reports_credit_agency_party;;3;3/07/2024;DM6EK65YZ29WR
106042;77628;22972;personal-data;debtor_reports_credit_agency_party_other;;3;3/07/2024;DM6EK65YZ29WR
106043;77628;22972;labour-data;debtor_employment_status;employee;3;3/07/2024;DM6EK65YZ29WR
106044;77628;22972;labour-data;id_debtor_range_of_income;12;3;3/07/2024;DM6EK65YZ29WR
106045;77628;22972;labour-data;payroll_frequency;30;3;3/07/2024;DM6EK65YZ29WR
106046;77628;22972;labour-data;id_debtor_bank;4;3;3/07/2024;DM6EK65YZ29WR
106047;77628;22972;labour-data;id_debtor_occupation;307;3;3/07/2024;DM6EK65YZ29WR
106048;77628;22972;labour-data;debtor_occupation;ingenieros civiles;3;3/07/2024;DM6EK65YZ29WR
106049;77628;22972;labour-data;id_debtor_position;6;3;3/07/2024;DM6EK65YZ29WR
106050;77628;22972;labour-data;debtor_position;administrativo;3;3/07/2024;DM6EK65YZ29WR
106051;77628;22972;labour-data;debtor_business_type;private;3;3/07/2024;DM6EK65YZ29WR
106052;77628;22972;labour-data;debtor_business_name;;3;3/07/2024;DM6EK65YZ29WR
106053;77628;22972;labour-data;debtor_business_date_admission;19/06/2024;3;3/07/2024;DM6EK65YZ29WR
106054;77628;22972;labour-data;debtor_duration_of_curr_employment;0;3;3/07/2024;DM6EK65YZ29WR
106055;77628;22972;labour-data;debtor_years_experience;8;3;3/07/2024;DM6EK65YZ29WR
106056;77628;22972;labour-data;id_debtor_business_activity;6;3;3/07/2024;DM6EK65YZ29WR
106057;77628;22972;labour-data;debtor_business_activity;construcción ;3;3/07/2024;DM6EK65YZ29WR
106058;77628;22972;labour-data;debtor_business_phone;5,73E+11;3;3/07/2024;DM6EK65YZ29WR
106059;77628;22972;labour-data;debtor_type_of_employment_contract;permanent-contract;3;3/07/2024;DM6EK65YZ29WR
106060;77628;22972;labour-data;debtor_business_registration;;3;3/07/2024;DM6EK65YZ29WR
106061;77628;22972;labour-data;debtor_business_tin;;3;3/07/2024;DM6EK65YZ29WR
106062;77628;22972;labour-data;id_debtor_other_income;0;3;3/07/2024;DM6EK65YZ29WR
106063;77628;22972;labour-data;table data_centrales_riesgo_obligaciones;;3;3/07/2024;DM6EK65YZ29WR
106064;77628;22972;credit-bureau-data;report_result;found;3;3/07/2024;DM6EK65YZ29WR
106065;77628;22972;credit-bureau-data;report_checkid;3,79E+18;3;3/07/2024;DM6EK65YZ29WR
106066;77628;22972;credit-bureau-data;report_date;27/06/2024 9:25;3;3/07/2024;DM6EK65YZ29WR
106067;77628;22972;credit-bureau-data;debtor_credit_agency;transunion;3;3/07/2024;DM6EK65YZ29WR
106068;77628;22972;credit-bureau-data;debtor_credit_score;446;3;3/07/2024;DM6EK65YZ29WR
106069;77628;22972;credit-bureau-data;debtor_default_loans;1;3;3/07/2024;DM6EK65YZ29WR
106070;77628;22972;credit-bureau-data;debtor_credit_agency_min_probable_income;1300000;3;3/07/2024;DM6EK65YZ29WR
106071;77628;22972;credit-bureau-data;debtor_payment_capacity;96500;3;3/07/2024;DM6EK65YZ29WR
106072;77628;22972;credit-bureau-data;debtor_current_loan_value;1145;3;3/07/2024;DM6EK65YZ29WR
106073;77628;22972;credit-bureau-data;debtor_current_no_loans;3;3;3/07/2024;DM6EK65YZ29WR
106074;77628;22972;credit-bureau-data;debtor_current_total_payment;0;3;3/07/2024;DM6EK65YZ29WR
106075;77628;22972;credit-bureau-data;debtor_current_delinquency_value;592;3;3/07/2024;DM6EK65YZ29WR
106076;77628;22972;credit-bureau-data;debtor_current_no_loans_w_bad_reports;1;3;3/07/2024;DM6EK65YZ29WR
106077;77628;22972;credit-bureau-data;debtor_total_loan_value;1630;3;3/07/2024;DM6EK65YZ29WR
106078;77628;22972;credit-bureau-data;debtor_total_no_loans;6;3;3/07/2024;DM6EK65YZ29WR
106079;77628;22972;credit-bureau-data;debtor_total_highest_loan_value;580;3;3/07/2024;DM6EK65YZ29WR
106080;77628;22972;credit-bureau-data;debtor_total_no_bad_reports;5;3;3/07/2024;DM6EK65YZ29WR
106081;77628;22972;credit-bureau-data;debtor_total_max_bad_reports;5;3;3/07/2024;DM6EK65YZ29WR
106082;77628;22972;credit-bureau-data;debtor_total_no_loans_w_bad_reports;1;3;3/07/2024;DM6EK65YZ29WR
106083;77628;22972;credit-bureau-data;debtor_total_no_similar_loans;0;3;3/07/2024;DM6EK65YZ29WR
106084;77628;22972;credit-bureau-data;debtor_closed_loan_value;1050;3;3/07/2024;DM6EK65YZ29WR
106085;77628;22972;credit-bureau-data;debtor_closed_no_loans;5;3;3/07/2024;DM6EK65YZ29WR
106086;77628;22972;credit-bureau-data;debtor_closed_highest_loan_value;250;3;3/07/2024;DM6EK65YZ29WR
106087;77628;22972;credit-bureau-data;debtor_closed_no_bad_reports;0;3;3/07/2024;DM6EK65YZ29WR
106088;77628;22972;credit-bureau-data;debtor_closed_max_bad_reports;0;3;3/07/2024;DM6EK65YZ29WR
106089;77628;22972;credit-bureau-data;debtor_closed_no_loans_w_bad_reports;0;3;3/07/2024;DM6EK65YZ29WR
106090;77628;22972;credit-bureau-data;debtor_closed_no_similar_loans;0;3;3/07/2024;DM6EK65YZ29WR
106091;77628;22972;credit-bureau-data;debtor_current_highest_loan_value;580;3;3/07/2024;DM6EK65YZ29WR
106092;77628;22972;credit-bureau-data;debtor_current_no_bad_reports;5;3;3/07/2024;DM6EK65YZ29WR
106093;77628;22972;credit-bureau-data;debtor_current_max_bad_reports;5;3;3/07/2024;DM6EK65YZ29WR
106094;77628;22972;credit-bureau-data;debtor_current_no_loans_w_bad_reports;1;3;3/07/2024;DM6EK65YZ29WR
106095;77628;22972;credit-bureau-data;debtor_current_no_similar_loans;0;3;3/07/2024;DM6EK65YZ29WR
106096;77628;22972;credit-bureau-data;debtor_current_no_tcr;0;3;3/07/2024;DM6EK65YZ29WR
106097;77628;22972;credit-bureau-data;debtor_current_tcr_initial_limit;0;3;3/07/2024;DM6EK65YZ29WR
106098;77628;22972;credit-bureau-data;debtor_current_tcr_value;0;3;3/07/2024;DM6EK65YZ29WR
106099;77628;22972;credit-bureau-data;debtor_current_tcr_usage;0;3;3/07/2024;DM6EK65YZ29WR
106100;77628;22972;credit-bureau-data;table query_cr_obligaciones_1;;3;3/07/2024;DM6EK65YZ29WR
106101;77628;22972;credit-bureau-data;table query_cr_obligaciones_2;;3;3/07/2024;DM6EK65YZ29WR
106102;77628;22972;credit-bureau-data;table data_centrales_riesgo_obligaciones;;3;3/07/2024;DM6EK65YZ29WR
106103;77628;22972;bank-statement-data;bank_statement_result;found;3;3/07/2024;DM6EK65YZ29WR
106104;77628;22972;bank-statement-data;id_document;37209;3;3/07/2024;DM6EK65YZ29WR
106105;77628;22972;bank-statement-data;bank_account_validation;1;3;3/07/2024;DM6EK65YZ29WR
106106;77628;22972;bank-statement-data;bank_statement_no_days;92;3;3/07/2024;DM6EK65YZ29WR
106107;77628;22972;bank-statement-data;bank_statement_max_days_passed;94;3;3/07/2024;DM6EK65YZ29WR
106108;77628;22972;bank-statement-data;bank_no_records;19;3;3/07/2024;DM6EK65YZ29WR
106109;77628;22972;bank-statement-data;bank_monthly_avg_blance;57594;3;3/07/2024;DM6EK65YZ29WR
106110;77628;22972;bank-statement-data;bank_monthly_avg_credit_value;5665003,22;3;3/07/2024;DM6EK65YZ29WR
106111;77628;22972;bank-statement-data;bank_monthly_avg_debit_value;5703267,62;3;3/07/2024;DM6EK65YZ29WR
106112;77628;22972;bank-statement-data;bank_monthly_avg_payroll_value;0;3;3/07/2024;DM6EK65YZ29WR
106113;77628;22972;bank-statement-data;bank_monthly_avg_no_credit_records;2;3;3/07/2024;DM6EK65YZ29WR
106114;77628;22972;bank-statement-data;bank_monthly_avg_no_payroll_records;0;3;3/07/2024;DM6EK65YZ29WR
106115;77628;22972;income-tax-return-data;tax_report_result;not_required;3;3/07/2024;DM6EK65YZ29WR
106116;77628;22972;income-tax-return-data;tax_report_year;;3;3/07/2024;DM6EK65YZ29WR
106117;77628;22972;income-tax-return-data;tax_report_total_income_value;;3;3/07/2024;DM6EK65YZ29WR
106118;77628;22972;income-tax-return-data;tax_report_total_assets_value;;3;3/07/2024;DM6EK65YZ29WR
106119;77628;22972;income-tax-return-data;tax_report_total_equity_value;;3;3/07/2024;DM6EK65YZ29WR
106120;77628;22972;income-tax-return-data;tax_report_total_debt_value;;3;3/07/2024;DM6EK65YZ29WR
106121;77628;22972;income-tax-return-data;tax_report_total_tax;;3;3/07/2024;DM6EK65YZ29WR
106122;77628;22972;income-tax-return-data;tax_report_value_to_pay;;3;3/07/2024;DM6EK65YZ29WR
106123;77628;22972;background-checks-data;public_db_result;found;3;3/07/2024;DM6EK65YZ29WR
106124;77628;22972;background-checks-data;public_db_check_id;CHK1313ee749406c88d5809ce74509766f3;3;3/07/2024;DM6EK65YZ29WR
106125;77628;22972;background-checks-data;public_db_check_id_date;27/06/2024 12:49;3;3/07/2024;DM6EK65YZ29WR
106126;77628;22972;background-checks-data;public_db_no_lawsuits;7;3;3/07/2024;DM6EK65YZ29WR
106127;77628;22972;background-checks-data;public_db_no_lawsuits_defendant;6;3;3/07/2024;DM6EK65YZ29WR
106128;77628;22972;background-checks-data;public_db_no_lawsuits_defendant_money;1;3;3/07/2024;DM6EK65YZ29WR
106129;77628;22972;background-checks-data;public_db_tax_responsable;no;3;3/07/2024;DM6EK65YZ29WR
106130;77628;22972;background-checks-data;public_db_tax_responsable_bdme;305 - 11319;3;3/07/2024;DM6EK65YZ29WR
106131;77628;22972;background-checks-data;public_db_medical_status;activo;3;3/07/2024;DM6EK65YZ29WR
106132;77628;22972;background-checks-data;public_db_medical_regime;contributivo;3;3/07/2024;DM6EK65YZ29WR
106133;77628;22972;background-checks-data;public_db_medical_type;cotizante;3;3/07/2024;DM6EK65YZ29WR
106134;77628;22972;background-checks-data;public_db_pension_status;activo cotizante;3;3/07/2024;DM6EK65YZ29WR
106135;77628;22972;background-checks-data;public_db_pension_regime;pensiones: ahorro individual;3;3/07/2024;DM6EK65YZ29WR
106136;77628;22972;background-checks-data;public_db_ccf_status;activo;3;3/07/2024;DM6EK65YZ29WR
106137;77628;22972;background-checks-data;public_db_ccf_type;trabajador afiliado dependiente;3;3/07/2024;DM6EK65YZ29WR
106138;77628;22972;background-checks-data;public_db_welfare_status;;3;3/07/2024;DM6EK65YZ29WR
106139;77628;22972;background-checks-data;public_db_police_check_result;no presenta antecedentes;3;3/07/2024;DM6EK65YZ29WR
106140;77628;22972;background-checks-data;public_db_check_dni;vigente;3;3/07/2024;DM6EK65YZ29WR
106141;77628;22972;background-checks-data;public_db_check_pedofile;found-none;3;3/07/2024;DM6EK65YZ29WR
106142;77628;22972;background-checks-data;public_db_personal_identity_score;10;3;3/07/2024;DM6EK65YZ29WR
106143;77628;22972;background-checks-data;public_db_criminal_record_score;10;3;3/07/2024;DM6EK65YZ29WR
106144;77628;22972;background-checks-data;public_db_legal_background_score;0;3;3/07/2024;DM6EK65YZ29WR
106145;77628;22972;background-checks-data;public_db_international_background_score;10;3;3/07/2024;DM6EK65YZ29WR
106146;77628;22972;background-checks-data;public_db_professional_background_score;10;3;3/07/2024;DM6EK65YZ29WR
106147;77628;22972;background-checks-data;public_db_affiliations_and_insurances_score;10;3;3/07/2024;DM6EK65YZ29WR
106148;77628;22972;background-checks-data;public_db_alert_in_media_score;10;3;3/07/2024;DM6EK65YZ29WR
106149;77628;22972;background-checks-data;public_db_taxes_and_finances_score;0;3;3/07/2024;DM6EK65YZ29WR
106150;77628;22972;background-checks-data;table data_proceso_judicial;;3;3/07/2024;DM6EK65YZ29WR
106151;77628;22972;snr-data;snr_result;found;3;3/07/2024;DM6EK65YZ29WR
106152;77628;22972;snr-data;snr_check_id;F20240627100247U22972S77628;3;3/07/2024;DM6EK65YZ29WR
106153;77628;22972;snr-data;snr_check_id_date;27/06/2024 10:02;3;3/07/2024;DM6EK65YZ29WR
106154;77628;22972;snr-data;snr_no_records;;3;3/07/2024;DM6EK65YZ29WR
106155;77628;22972;snr-data;snr_no_unique_id_number;;3;3/07/2024;DM6EK65YZ29WR
106156;77628;22972;snr-data;snr_estimated_unique_properties;;3;3/07/2024;DM6EK65YZ29WR
106157;77628;22974;personal-data;id_user;22974;3;3/07/2024;DM6EK65YZ29WR
106158;77628;22974;personal-data;id_type_debtor;2;3;3/07/2024;DM6EK65YZ29WR
106159;77628;22974;personal-data;debtor_full_name;;3;3/07/2024;DM6EK65YZ29WR
106160;77628;22974;personal-data;debtor_age;51;3;3/07/2024;DM6EK65YZ29WR
106161;77628;22974;personal-data;debtor_gender;male;3;3/07/2024;DM6EK65YZ29WR
106162;77628;22974;personal-data;debtor_type_dni;nit;3;3/07/2024;DM6EK65YZ29WR
106163;77628;22974;personal-data;debtor_dni;901184408;3;3/07/2024;DM6EK65YZ29WR
106164;77628;22974;personal-data;id_debtor_nacionality;43;3;3/07/2024;DM6EK65YZ29WR
106165;77628;22974;personal-data;id_debtor_country_residence;52;3;3/07/2024;DM6EK65YZ29WR
106166;77628;22974;personal-data;id_debtor_dept_residence;11;3;3/07/2024;DM6EK65YZ29WR
106167;77628;22974;personal-data;id_debtor_mun_residence;107;3;3/07/2024;DM6EK65YZ29WR
106168;77628;22974;personal-data;debtor_date_birth;13/11/1972;3;3/07/2024;DM6EK65YZ29WR
106169;77628;22974;personal-data;debtor_marital_status;married;3;3/07/2024;DM6EK65YZ29WR
106170;77628;22974;personal-data;debtor_social_stratum;2;3;3/07/2024;DM6EK65YZ29WR
106171;77628;22974;personal-data;debtor_level_of_education;4;3;3/07/2024;DM6EK65YZ29WR
106172;77628;22974;personal-data;debtor_no_dependants;1;3;3/07/2024;DM6EK65YZ29WR
106173;77628;22974;personal-data;debtor_file_tax_reports;yes;3;3/07/2024;DM6EK65YZ29WR
106174;77628;22974;personal-data;debtor_tenure_at_curr_address;5;3;3/07/2024;DM6EK65YZ29WR
106175;77628;22974;personal-data;debtor_abroad_residence;no;3;3/07/2024;DM6EK65YZ29WR
106176;77628;22974;personal-data;debtor_reports_credit_agency;yes;3;3/07/2024;DM6EK65YZ29WR
106177;77628;22974;personal-data;debtor_reports_credit_agency_party;bancos o financieras;3;3/07/2024;DM6EK65YZ29WR
106178;77628;22974;personal-data;debtor_reports_credit_agency_party_other;;3;3/07/2024;DM6EK65YZ29WR
106179;77628;22974;labour-data;debtor_employment_status;self-employed;3;3/07/2024;DM6EK65YZ29WR
106180;77628;22974;labour-data;id_debtor_range_of_income;13;3;3/07/2024;DM6EK65YZ29WR
106181;77628;22974;labour-data;payroll_frequency;30;3;3/07/2024;DM6EK65YZ29WR
106182;77628;22974;labour-data;id_debtor_bank;4;3;3/07/2024;DM6EK65YZ29WR
106183;77628;22974;labour-data;id_debtor_occupation;3;3;3/07/2024;DM6EK65YZ29WR
106184;77628;22974;labour-data;debtor_occupation;asesor de servicios al cliente o telemercadeo;3;3/07/2024;DM6EK65YZ29WR
106185;77628;22974;labour-data;id_debtor_position;0;3;3/07/2024;DM6EK65YZ29WR
106186;77628;22974;labour-data;debtor_position;0;3;3/07/2024;DM6EK65YZ29WR
106187;77628;22974;labour-data;debtor_business_type;;3;3/07/2024;DM6EK65YZ29WR
106188;77628;22974;labour-data;debtor_business_name;;3;3/07/2024;DM6EK65YZ29WR
106189;77628;22974;labour-data;debtor_business_date_admission;;3;3/07/2024;DM6EK65YZ29WR
106190;77628;22974;labour-data;debtor_duration_of_curr_employment;0;3;3/07/2024;DM6EK65YZ29WR
106191;77628;22974;labour-data;debtor_years_experience;15;3;3/07/2024;DM6EK65YZ29WR
106192;77628;22974;labour-data;id_debtor_business_activity;6;3;3/07/2024;DM6EK65YZ29WR
106193;77628;22974;labour-data;debtor_business_activity;construcción ;3;3/07/2024;DM6EK65YZ29WR
106194;77628;22974;labour-data;debtor_business_phone;;3;3/07/2024;DM6EK65YZ29WR
106195;77628;22974;labour-data;debtor_type_of_employment_contract;no-contract;3;3/07/2024;DM6EK65YZ29WR
106196;77628;22974;labour-data;debtor_business_registration;yes;3;3/07/2024;DM6EK65YZ29WR
106197;77628;22974;labour-data;debtor_business_tin;901184408-9;3;3/07/2024;DM6EK65YZ29WR
106198;77628;22974;labour-data;id_debtor_other_income;0;3;3/07/2024;DM6EK65YZ29WR
106199;77628;22974;labour-data;table data_centrales_riesgo_obligaciones;;3;3/07/2024;DM6EK65YZ29WR
106200;77628;22974;credit-bureau-data;report_result;found;3;3/07/2024;DM6EK65YZ29WR
106201;77628;22974;credit-bureau-data;report_checkid;3,79E+18;3;3/07/2024;DM6EK65YZ29WR
106202;77628;22974;credit-bureau-data;report_date;27/06/2024 9:36;3;3/07/2024;DM6EK65YZ29WR
106203;77628;22974;credit-bureau-data;debtor_credit_agency;transunion;3;3/07/2024;DM6EK65YZ29WR
106204;77628;22974;credit-bureau-data;debtor_credit_score;-6;3;3/07/2024;DM6EK65YZ29WR
106205;77628;22974;credit-bureau-data;debtor_default_loans;0;3;3/07/2024;DM6EK65YZ29WR
106206;77628;22974;credit-bureau-data;debtor_credit_agency_min_probable_income;;3;3/07/2024;DM6EK65YZ29WR
106207;77628;22974;credit-bureau-data;debtor_payment_capacity;;3;3/07/2024;DM6EK65YZ29WR
106208;77628;22974;credit-bureau-data;debtor_current_loan_value;72893;3;3/07/2024;DM6EK65YZ29WR
106209;77628;22974;credit-bureau-data;debtor_current_no_loans;2;3;3/07/2024;DM6EK65YZ29WR
106210;77628;22974;credit-bureau-data;debtor_current_total_payment;2618;3;3/07/2024;DM6EK65YZ29WR
106211;77628;22974;credit-bureau-data;debtor_current_delinquency_value;1077;3;3/07/2024;DM6EK65YZ29WR
106212;77628;22974;credit-bureau-data;debtor_current_no_loans_w_bad_reports;0;3;3/07/2024;DM6EK65YZ29WR
106213;77628;22974;credit-bureau-data;debtor_total_loan_value;166433;3;3/07/2024;DM6EK65YZ29WR
106214;77628;22974;credit-bureau-data;debtor_total_no_loans;4;3;3/07/2024;DM6EK65YZ29WR
106215;77628;22974;credit-bureau-data;debtor_total_highest_loan_value;77604;3;3/07/2024;DM6EK65YZ29WR
106216;77628;22974;credit-bureau-data;debtor_total_no_bad_reports;0;3;3/07/2024;DM6EK65YZ29WR
106217;77628;22974;credit-bureau-data;debtor_total_max_bad_reports;0;3;3/07/2024;DM6EK65YZ29WR
106218;77628;22974;credit-bureau-data;debtor_total_no_loans_w_bad_reports;0;3;3/07/2024;DM6EK65YZ29WR
106219;77628;22974;credit-bureau-data;debtor_total_no_similar_loans;0;3;3/07/2024;DM6EK65YZ29WR
106220;77628;22974;credit-bureau-data;debtor_closed_loan_value;88829;3;3/07/2024;DM6EK65YZ29WR
106221;77628;22974;credit-bureau-data;debtor_closed_no_loans;3;3;3/07/2024;DM6EK65YZ29WR
106222;77628;22974;credit-bureau-data;debtor_closed_highest_loan_value;57246;3;3/07/2024;DM6EK65YZ29WR
106223;77628;22974;credit-bureau-data;debtor_closed_no_bad_reports;0;3;3/07/2024;DM6EK65YZ29WR
106224;77628;22974;credit-bureau-data;debtor_closed_max_bad_reports;0;3;3/07/2024;DM6EK65YZ29WR
106225;77628;22974;credit-bureau-data;debtor_closed_no_loans_w_bad_reports;0;3;3/07/2024;DM6EK65YZ29WR
106226;77628;22974;credit-bureau-data;debtor_closed_no_similar_loans;0;3;3/07/2024;DM6EK65YZ29WR
106227;77628;22974;credit-bureau-data;debtor_current_highest_loan_value;77604;3;3/07/2024;DM6EK65YZ29WR
106228;77628;22974;credit-bureau-data;debtor_current_no_bad_reports;0;3;3/07/2024;DM6EK65YZ29WR
106229;77628;22974;credit-bureau-data;debtor_current_max_bad_reports;0;3;3/07/2024;DM6EK65YZ29WR
106230;77628;22974;credit-bureau-data;debtor_current_no_loans_w_bad_reports;0;3;3/07/2024;DM6EK65YZ29WR
106231;77628;22974;credit-bureau-data;debtor_current_no_similar_loans;0;3;3/07/2024;DM6EK65YZ29WR
106232;77628;22974;credit-bureau-data;debtor_current_no_tcr;0;3;3/07/2024;DM6EK65YZ29WR
106233;77628;22974;credit-bureau-data;debtor_current_tcr_initial_limit;0;3;3/07/2024;DM6EK65YZ29WR
106234;77628;22974;credit-bureau-data;debtor_current_tcr_value;0;3;3/07/2024;DM6EK65YZ29WR
106235;77628;22974;credit-bureau-data;debtor_current_tcr_usage;0;3;3/07/2024;DM6EK65YZ29WR
106236;77628;22974;credit-bureau-data;table query_cr_obligaciones_1;;3;3/07/2024;DM6EK65YZ29WR
106237;77628;22974;credit-bureau-data;table query_cr_obligaciones_2;;3;3/07/2024;DM6EK65YZ29WR
106238;77628;22974;credit-bureau-data;table data_centrales_riesgo_obligaciones;;3;3/07/2024;DM6EK65YZ29WR
106239;77628;22974;bank-statement-data;bank_statement_result;found;3;3/07/2024;DM6EK65YZ29WR
106240;77628;22974;bank-statement-data;id_document;366.173.661.837.210;3;3/07/2024;DM6EK65YZ29WR
106241;77628;22974;bank-statement-data;bank_account_validation;1,1,1;3;3/07/2024;DM6EK65YZ29WR
106242;77628;22974;bank-statement-data;bank_statement_no_days;95;3;3/07/2024;DM6EK65YZ29WR
106243;77628;22974;bank-statement-data;bank_statement_max_days_passed;94;3;3/07/2024;DM6EK65YZ29WR
106244;77628;22974;bank-statement-data;bank_no_records;340;3;3/07/2024;DM6EK65YZ29WR
106245;77628;22974;bank-statement-data;bank_monthly_avg_blance;2130559;3;3/07/2024;DM6EK65YZ29WR
106246;77628;22974;bank-statement-data;bank_monthly_avg_credit_value;72072037,07;3;3/07/2024;DM6EK65YZ29WR
106247;77628;22974;bank-statement-data;bank_monthly_avg_debit_value;72072303,63;3;3/07/2024;DM6EK65YZ29WR
106248;77628;22974;bank-statement-data;bank_monthly_avg_payroll_value;0;3;3/07/2024;DM6EK65YZ29WR
106249;77628;22974;bank-statement-data;bank_monthly_avg_no_credit_records;6;3;3/07/2024;DM6EK65YZ29WR
106250;77628;22974;bank-statement-data;bank_monthly_avg_no_payroll_records;0;3;3/07/2024;DM6EK65YZ29WR
106251;77628;22974;income-tax-return-data;tax_report_result;found;3;3/07/2024;DM6EK65YZ29WR
106252;77628;22974;income-tax-return-data;tax_report_year;2022;3;3/07/2024;DM6EK65YZ29WR
106253;77628;22974;income-tax-return-data;tax_report_total_income_value;2018350000;3;3/07/2024;DM6EK65YZ29WR
106254;77628;22974;income-tax-return-data;tax_report_total_assets_value;128754000;3;3/07/2024;DM6EK65YZ29WR
106255;77628;22974;income-tax-return-data;tax_report_total_equity_value;205473000;3;3/07/2024;DM6EK65YZ29WR
106256;77628;22974;income-tax-return-data;tax_report_total_debt_value;334227000;3;3/07/2024;DM6EK65YZ29WR
106257;77628;22974;income-tax-return-data;tax_report_total_tax;233000;3;3/07/2024;DM6EK65YZ29WR
106258;77628;22974;income-tax-return-data;tax_report_value_to_pay;0;3;3/07/2024;DM6EK65YZ29WR
106259;77628;22974;background-checks-data;public_db_result;found;3;3/07/2024;DM6EK65YZ29WR
106260;77628;22974;background-checks-data;public_db_check_id;CHKe11940aadfd6c114276b7333a620893b;3;3/07/2024;DM6EK65YZ29WR
106261;77628;22974;background-checks-data;public_db_check_id_date;27/06/2024 11:55;3;3/07/2024;DM6EK65YZ29WR
106262;77628;22974;background-checks-data;public_db_no_lawsuits;;3;3/07/2024;DM6EK65YZ29WR
106263;77628;22974;background-checks-data;public_db_no_lawsuits_defendant;;3;3/07/2024;DM6EK65YZ29WR
106264;77628;22974;background-checks-data;public_db_no_lawsuits_defendant_money;;3;3/07/2024;DM6EK65YZ29WR
106265;77628;22974;background-checks-data;public_db_tax_responsable;;3;3/07/2024;DM6EK65YZ29WR
106266;77628;22974;background-checks-data;public_db_tax_responsable_bdme;32-901184408;3;3/07/2024;DM6EK65YZ29WR
106267;77628;22974;background-checks-data;public_db_medical_status;;3;3/07/2024;DM6EK65YZ29WR
106268;77628;22974;background-checks-data;public_db_medical_regime;;3;3/07/2024;DM6EK65YZ29WR
106269;77628;22974;background-checks-data;public_db_medical_type;;3;3/07/2024;DM6EK65YZ29WR
106270;77628;22974;background-checks-data;public_db_pension_status;;3;3/07/2024;DM6EK65YZ29WR
106271;77628;22974;background-checks-data;public_db_pension_regime;;3;3/07/2024;DM6EK65YZ29WR
106272;77628;22974;background-checks-data;public_db_ccf_status;;3;3/07/2024;DM6EK65YZ29WR
106273;77628;22974;background-checks-data;public_db_ccf_type;;3;3/07/2024;DM6EK65YZ29WR
106274;77628;22974;background-checks-data;public_db_welfare_status;;3;3/07/2024;DM6EK65YZ29WR
106275;77628;22974;background-checks-data;public_db_police_check_result;is_missing;3;3/07/2024;DM6EK65YZ29WR
106276;77628;22974;background-checks-data;public_db_check_dni;;3;3/07/2024;DM6EK65YZ29WR
106277;77628;22974;background-checks-data;public_db_check_pedofile;;3;3/07/2024;DM6EK65YZ29WR
106278;77628;22974;background-checks-data;public_db_personal_identity_score;;3;3/07/2024;DM6EK65YZ29WR
106279;77628;22974;background-checks-data;public_db_criminal_record_score;10;3;3/07/2024;DM6EK65YZ29WR
106280;77628;22974;background-checks-data;public_db_legal_background_score;10;3;3/07/2024;DM6EK65YZ29WR
106281;77628;22974;background-checks-data;public_db_international_background_score;10;3;3/07/2024;DM6EK65YZ29WR
106282;77628;22974;background-checks-data;public_db_professional_background_score;;3;3/07/2024;DM6EK65YZ29WR
106283;77628;22974;background-checks-data;public_db_affiliations_and_insurances_score;;3;3/07/2024;DM6EK65YZ29WR
106284;77628;22974;background-checks-data;public_db_alert_in_media_score;10;3;3/07/2024;DM6EK65YZ29WR
106285;77628;22974;background-checks-data;public_db_taxes_and_finances_score;0;3;3/07/2024;DM6EK65YZ29WR
106286;77628;22974;background-checks-data;table data_proceso_judicial;;3;3/07/2024;DM6EK65YZ29WR
106287;77628;22974;snr-data;snr_result;found;3;3/07/2024;DM6EK65YZ29WR
106288;77628;22974;snr-data;snr_check_id;F20240627100325U22974S77628;3;3/07/2024;DM6EK65YZ29WR
106289;77628;22974;snr-data;snr_check_id_date;27/06/2024 10:03;3;3/07/2024;DM6EK65YZ29WR
106290;77628;22974;snr-data;snr_no_records;;3;3/07/2024;DM6EK65YZ29WR
106291;77628;22974;snr-data;snr_no_unique_id_number;;3;3/07/2024;DM6EK65YZ29WR
106292;77628;22974;snr-data;snr_estimated_unique_properties;;3;3/07/2024;DM6EK65YZ29WR
128835;62855;4521;general-loan-data;line_of_credit;3;3;7/10/2024;DN3FZ55JJ36SA
128836;62855;4521;general-loan-data;type_of_loan;H;3;7/10/2024;DN3FZ55JJ36SA
128837;62855;4521;general-loan-data;id_loan_request;62855;3;7/10/2024;DN3FZ55JJ36SA
128838;62855;4521;general-loan-data;original_amount;$ 60.000.000,00;3;7/10/2024;DN3FZ55JJ36SA
128839;62855;4521;general-loan-data;pct_interest_rate;0,290053432;3;7/10/2024;DN3FZ55JJ36SA
128840;62855;4521;general-loan-data;loan_to_value_ratio;0,113492057;3;7/10/2024;DN3FZ55JJ36SA
128841;62855;4521;general-loan-data;amortization_schedule;0;3;7/10/2024;DN3FZ55JJ36SA
128842;62855;4521;general-loan-data;payment_frequency;30;3;7/10/2024;DN3FZ55JJ36SA
128843;62855;4521;general-loan-data;value_monthly_payments;$ 1.287.028,00;3;7/10/2024;DN3FZ55JJ36SA
128844;62855;4521;general-loan-data;loan_duration;120;3;7/10/2024;DN3FZ55JJ36SA
128845;62855;4521;general-loan-data;no_debtors;1;3;7/10/2024;DN3FZ55JJ36SA
128846;62855;4521;other-loan-data;use_of_funds;remodeling or adaptations;3;7/10/2024;DN3FZ55JJ36SA
128847;62855;4521;other-loan-data;advance_value;5000000;3;7/10/2024;DN3FZ55JJ36SA
128848;62855;4521;other-loan-data;advance_use_of_funds;to pay taxes;3;7/10/2024;DN3FZ55JJ36SA
128849;62855;4521;loan-scores;id_advisor;18304;3;7/10/2024;DN3FZ55JJ36SA
128850;62855;4521;loan-scores;beauty_score;8;3;7/10/2024;DN3FZ55JJ36SA
128851;62855;4521;loan-scores;cleaness_score;8;3;7/10/2024;DN3FZ55JJ36SA
128852;62855;4521;loan-scores;advisor_score;8;3;7/10/2024;DN3FZ55JJ36SA
128853;62855;4521;loan-scores;id_analist;6353;3;7/10/2024;DN3FZ55JJ36SA
128854;62855;4521;loan-scores;analist_score;6;3;7/10/2024;DN3FZ55JJ36SA
128855;62855;4521;loan-scores;id_inspector;0;3;7/10/2024;DN3FZ55JJ36SA
128856;62855;4521;loan-scores;inspection_score;0;3;7/10/2024;DN3FZ55JJ36SA
128857;62855;4521;collateral-data;id_collateral;1451;3;7/10/2024;DN3FZ55JJ36SA
128858;62855;4521;collateral-data;type_collateral;apartamento;3;7/10/2024;DN3FZ55JJ36SA
128859;62855;4521;collateral-data;id_location_collateral;107;3;7/10/2024;DN3FZ55JJ36SA
128860;62855;4521;collateral-data;location_collateral;bogota d.c.;3;7/10/2024;DN3FZ55JJ36SA
128861;62855;4521;collateral-data;collateral_identification_number;50N-554107;3;7/10/2024;DN3FZ55JJ36SA
128862;62855;4521;collateral-data;collateral_purchase_date;8/10/2010;3;7/10/2024;DN3FZ55JJ36SA
128863;62855;4521;collateral-data;collateral_tax_value;$ 526.487.000,00;3;7/10/2024;DN3FZ55JJ36SA
128864;62855;4521;collateral-data;collateral_commercial_value;$ 528.671.360,00;3;7/10/2024;DN3FZ55JJ36SA
128865;62855;4521;collateral-data;collateral_tax_to_value_ratio;0,9959;3;7/10/2024;DN3FZ55JJ36SA
128866;62855;4521;collateral-data;collateral_area;140;3;7/10/2024;DN3FZ55JJ36SA
128867;62855;4521;collateral-data;collateral_condominium_status;yes;3;7/10/2024;DN3FZ55JJ36SA
128868;62855;4521;collateral-data;collateral_tax_status;delinquent;3;7/10/2024;DN3FZ55JJ36SA
128869;62855;4521;collateral-data;collateral_tax_delinquency_value;5000000;3;7/10/2024;DN3FZ55JJ36SA
128870;62855;4521;collateral-data;collateral_tax_no_delinquency_payments;3;3;7/10/2024;DN3FZ55JJ36SA
128871;62855;4521;collateral-data;collateral_admin_status;current;3;7/10/2024;DN3FZ55JJ36SA
128872;62855;4521;collateral-data;collateral_admin_delinquency_value;0;3;7/10/2024;DN3FZ55JJ36SA
128873;62855;4521;collateral-data;collateral_admin_no_delinquency_payments;0;3;7/10/2024;DN3FZ55JJ36SA
128874;62855;4521;collateral-taxes;tax_record_result;found;3;7/10/2024;DN3FZ55JJ36SA
128875;62855;4521;collateral-taxes;tax_record_no_records;1;3;7/10/2024;DN3FZ55JJ36SA
128876;62855;4521;collateral-taxes;tax_record_status;delinquent;3;7/10/2024;DN3FZ55JJ36SA
128877;62855;4521;collateral-taxes;tax_record_delinquency_value;0;3;7/10/2024;DN3FZ55JJ36SA
128878;62855;4521;collateral-taxes;tax_record_no_delinquency_payments;1;3;7/10/2024;DN3FZ55JJ36SA
128879;62855;4521;collateral-taxes;tax_record_validation;consistent;3;7/10/2024;DN3FZ55JJ36SA
128880;62855;4521;collateral-taxes;table data_tax_record;;3;7/10/2024;DN3FZ55JJ36SA
128881;62855;4521;personal-data;id_user;4521;3;7/10/2024;DN3FZ55JJ36SA
128882;62855;4521;personal-data;id_type_debtor;1;3;7/10/2024;DN3FZ55JJ36SA
128883;62855;4521;personal-data;debtor_full_name;;3;7/10/2024;DN3FZ55JJ36SA
128884;62855;4521;personal-data;debtor_age;53;3;7/10/2024;DN3FZ55JJ36SA
128885;62855;4521;personal-data;debtor_gender;male;3;7/10/2024;DN3FZ55JJ36SA
128886;62855;4521;personal-data;debtor_type_dni;cc;3;7/10/2024;DN3FZ55JJ36SA
128887;62855;4521;personal-data;debtor_dni;79554223;3;7/10/2024;DN3FZ55JJ36SA
128888;62855;4521;personal-data;id_debtor_nacionality;43;3;7/10/2024;DN3FZ55JJ36SA
128889;62855;4521;personal-data;id_debtor_country_residence;52;3;7/10/2024;DN3FZ55JJ36SA
128890;62855;4521;personal-data;id_debtor_dept_residence;11;3;7/10/2024;DN3FZ55JJ36SA
128891;62855;4521;personal-data;id_debtor_mun_residence;107;3;7/10/2024;DN3FZ55JJ36SA
128892;62855;4521;personal-data;debtor_date_birth;15/05/1971;3;7/10/2024;DN3FZ55JJ36SA
128893;62855;4521;personal-data;debtor_marital_status;single;3;7/10/2024;DN3FZ55JJ36SA
128894;62855;4521;personal-data;debtor_social_stratum;3;3;7/10/2024;DN3FZ55JJ36SA
128895;62855;4521;personal-data;debtor_level_of_education;7;3;7/10/2024;DN3FZ55JJ36SA
128896;62855;4521;personal-data;debtor_no_dependants;0;3;7/10/2024;DN3FZ55JJ36SA
128897;62855;4521;personal-data;debtor_file_tax_reports;yes;3;7/10/2024;DN3FZ55JJ36SA
128898;62855;4521;personal-data;debtor_tenure_at_curr_address;25;3;7/10/2024;DN3FZ55JJ36SA
128899;62855;4521;personal-data;debtor_abroad_residence;no;3;7/10/2024;DN3FZ55JJ36SA
128900;62855;4521;personal-data;debtor_reports_credit_agency;no;3;7/10/2024;DN3FZ55JJ36SA
128901;62855;4521;personal-data;debtor_reports_credit_agency_party;;3;7/10/2024;DN3FZ55JJ36SA
128902;62855;4521;personal-data;debtor_reports_credit_agency_party_other;;3;7/10/2024;DN3FZ55JJ36SA
128903;62855;4521;labour-data;debtor_employment_status;self-employed;3;7/10/2024;DN3FZ55JJ36SA
128904;62855;4521;labour-data;id_debtor_range_of_income;13;3;7/10/2024;DN3FZ55JJ36SA
128905;62855;4521;labour-data;payroll_frequency;30;3;7/10/2024;DN3FZ55JJ36SA
128906;62855;4521;labour-data;id_debtor_bank;17;3;7/10/2024;DN3FZ55JJ36SA
128907;62855;4521;labour-data;id_debtor_occupation;51;3;7/10/2024;DN3FZ55JJ36SA
128908;62855;4521;labour-data;debtor_occupation;analista de sistemas;3;7/10/2024;DN3FZ55JJ36SA
128909;62855;4521;labour-data;id_debtor_position;0;3;7/10/2024;DN3FZ55JJ36SA
128910;62855;4521;labour-data;debtor_position;0;3;7/10/2024;DN3FZ55JJ36SA
128911;62855;4521;labour-data;debtor_business_type;;3;7/10/2024;DN3FZ55JJ36SA
128912;62855;4521;labour-data;debtor_business_name;;3;7/10/2024;DN3FZ55JJ36SA
128913;62855;4521;labour-data;debtor_business_date_admission;;3;7/10/2024;DN3FZ55JJ36SA
128914;62855;4521;labour-data;debtor_duration_of_curr_employment;0;3;7/10/2024;DN3FZ55JJ36SA
128915;62855;4521;labour-data;debtor_years_experience;20;3;7/10/2024;DN3FZ55JJ36SA
128916;62855;4521;labour-data;id_debtor_business_activity;4;3;7/10/2024;DN3FZ55JJ36SA
128917;62855;4521;labour-data;debtor_business_activity;consultorías - asesorías ;3;7/10/2024;DN3FZ55JJ36SA
128918;62855;4521;labour-data;debtor_business_phone;;3;7/10/2024;DN3FZ55JJ36SA
128919;62855;4521;labour-data;debtor_type_of_employment_contract;no-contract;3;7/10/2024;DN3FZ55JJ36SA
128920;62855;4521;labour-data;debtor_business_registration;no;3;7/10/2024;DN3FZ55JJ36SA
128921;62855;4521;labour-data;debtor_business_tin;;3;7/10/2024;DN3FZ55JJ36SA
128922;62855;4521;labour-data;id_debtor_other_income;0;3;7/10/2024;DN3FZ55JJ36SA
128923;62855;4521;labour-data;table data_centrales_riesgo_obligaciones;;3;7/10/2024;DN3FZ55JJ36SA
128924;62855;4521;credit-bureau-data;report_result;found;3;7/10/2024;DN3FZ55JJ36SA
128925;62855;4521;credit-bureau-data;report_checkid;5,44E+18;3;7/10/2024;DN3FZ55JJ36SA
128926;62855;4521;credit-bureau-data;report_date;10/01/2024 12:21;3;7/10/2024;DN3FZ55JJ36SA
128927;62855;4521;credit-bureau-data;debtor_credit_agency;transunion;3;7/10/2024;DN3FZ55JJ36SA
128928;62855;4521;credit-bureau-data;debtor_credit_score;582;3;7/10/2024;DN3FZ55JJ36SA
128929;62855;4521;credit-bureau-data;debtor_default_loans;1;3;7/10/2024;DN3FZ55JJ36SA
128930;62855;4521;credit-bureau-data;debtor_credit_agency_min_probable_income;1706246;3;7/10/2024;DN3FZ55JJ36SA
128931;62855;4521;credit-bureau-data;debtor_payment_capacity;-199802;3;7/10/2024;DN3FZ55JJ36SA
128932;62855;4521;credit-bureau-data;debtor_current_loan_value;18782;3;7/10/2024;DN3FZ55JJ36SA
128933;62855;4521;credit-bureau-data;debtor_current_no_loans;3;3;7/10/2024;DN3FZ55JJ36SA
128934;62855;4521;credit-bureau-data;debtor_current_total_payment;746;3;7/10/2024;DN3FZ55JJ36SA
128935;62855;4521;credit-bureau-data;debtor_current_delinquency_value;0;3;7/10/2024;DN3FZ55JJ36SA
128936;62855;4521;credit-bureau-data;debtor_current_no_loans_w_bad_reports;0;3;7/10/2024;DN3FZ55JJ36SA
128937;62855;4521;credit-bureau-data;debtor_total_loan_value;163663;3;7/10/2024;DN3FZ55JJ36SA
128938;62855;4521;credit-bureau-data;debtor_total_no_loans;13;3;7/10/2024;DN3FZ55JJ36SA
128939;62855;4521;credit-bureau-data;debtor_total_highest_loan_value;10/06/2092 0:00;3;7/10/2024;DN3FZ55JJ36SA
128940;62855;4521;credit-bureau-data;debtor_total_no_bad_reports;0;3;7/10/2024;DN3FZ55JJ36SA
128941;62855;4521;credit-bureau-data;debtor_total_max_bad_reports;0;3;7/10/2024;DN3FZ55JJ36SA
128942;62855;4521;credit-bureau-data;debtor_total_no_loans_w_bad_reports;0;3;7/10/2024;DN3FZ55JJ36SA
128943;62855;4521;credit-bureau-data;debtor_total_no_similar_loans;1;3;7/10/2024;DN3FZ55JJ36SA
128944;62855;4521;credit-bureau-data;debtor_closed_loan_value;145225;3;7/10/2024;DN3FZ55JJ36SA
128945;62855;4521;credit-bureau-data;debtor_closed_no_loans;11;3;7/10/2024;DN3FZ55JJ36SA
128946;62855;4521;credit-bureau-data;debtor_closed_highest_loan_value;70290;3;7/10/2024;DN3FZ55JJ36SA
128947;62855;4521;credit-bureau-data;debtor_closed_no_bad_reports;0;3;7/10/2024;DN3FZ55JJ36SA
128948;62855;4521;credit-bureau-data;debtor_closed_max_bad_reports;0;3;7/10/2024;DN3FZ55JJ36SA
128949;62855;4521;credit-bureau-data;debtor_closed_no_loans_w_bad_reports;0;3;7/10/2024;DN3FZ55JJ36SA
128950;62855;4521;credit-bureau-data;debtor_closed_no_similar_loans;1;3;7/10/2024;DN3FZ55JJ36SA
128951;62855;4521;credit-bureau-data;debtor_current_highest_loan_value;14938;3;7/10/2024;DN3FZ55JJ36SA
128952;62855;4521;credit-bureau-data;debtor_current_no_bad_reports;0;3;7/10/2024;DN3FZ55JJ36SA
128953;62855;4521;credit-bureau-data;debtor_current_max_bad_reports;0;3;7/10/2024;DN3FZ55JJ36SA
128954;62855;4521;credit-bureau-data;debtor_current_no_loans_w_bad_reports;0;3;7/10/2024;DN3FZ55JJ36SA
128955;62855;4521;credit-bureau-data;debtor_current_no_similar_loans;0;3;7/10/2024;DN3FZ55JJ36SA
128956;62855;4521;credit-bureau-data;debtor_current_no_tcr;1;3;7/10/2024;DN3FZ55JJ36SA
128957;62855;4521;credit-bureau-data;debtor_current_tcr_initial_limit;3500;3;7/10/2024;DN3FZ55JJ36SA
128958;62855;4521;credit-bureau-data;debtor_current_tcr_value;4192;3;7/10/2024;DN3FZ55JJ36SA
128959;62855;4521;credit-bureau-data;debtor_current_tcr_usage;1,197714286;3;7/10/2024;DN3FZ55JJ36SA
128960;62855;4521;credit-bureau-data;table query_cr_obligaciones_1;;3;7/10/2024;DN3FZ55JJ36SA
128961;62855;4521;credit-bureau-data;table query_cr_obligaciones_2;;3;7/10/2024;DN3FZ55JJ36SA
128962;62855;4521;credit-bureau-data;table data_centrales_riesgo_obligaciones;;3;7/10/2024;DN3FZ55JJ36SA
128963;62855;4521;bank-statement-data;bank_statement_result;found;3;7/10/2024;DN3FZ55JJ36SA
128964;62855;4521;bank-statement-data;id_document;424.704.247.142.472;3;7/10/2024;DN3FZ55JJ36SA
128965;62855;4521;bank-statement-data;bank_account_validation;2,2,2;3;7/10/2024;DN3FZ55JJ36SA
128966;62855;4521;bank-statement-data;bank_statement_no_days;92;3;7/10/2024;DN3FZ55JJ36SA
128967;62855;4521;bank-statement-data;bank_statement_max_days_passed;8/04/1900 0:00;3;7/10/2024;DN3FZ55JJ36SA
128968;62855;4521;bank-statement-data;bank_no_records;129;3;7/10/2024;DN3FZ55JJ36SA
128969;62855;4521;bank-statement-data;bank_monthly_avg_blance;42902,76667;3;7/10/2024;DN3FZ55JJ36SA
128970;62855;4521;bank-statement-data;bank_monthly_avg_credit_value;4317612,16;3;7/10/2024;DN3FZ55JJ36SA
128971;62855;4521;bank-statement-data;bank_monthly_avg_debit_value;4312328,3;3;7/10/2024;DN3FZ55JJ36SA
128972;62855;4521;bank-statement-data;bank_monthly_avg_payroll_value;0;3;7/10/2024;DN3FZ55JJ36SA
128973;62855;4521;bank-statement-data;bank_monthly_avg_no_credit_records;6,3333;3;7/10/2024;DN3FZ55JJ36SA
128974;62855;4521;bank-statement-data;bank_monthly_avg_no_payroll_records;$ 0,00;3;7/10/2024;DN3FZ55JJ36SA
128975;62855;4521;income-tax-return-data;tax_report_result;found;3;7/10/2024;DN3FZ55JJ36SA
128976;62855;4521;income-tax-return-data;tax_report_year;2023;3;7/10/2024;DN3FZ55JJ36SA
128977;62855;4521;income-tax-return-data;tax_report_total_income_value;$ 33.000.000,00;3;7/10/2024;DN3FZ55JJ36SA
128978;62855;4521;income-tax-return-data;tax_report_total_assets_value;$ 856.596.000,00;3;7/10/2024;DN3FZ55JJ36SA
128979;62855;4521;income-tax-return-data;tax_report_total_equity_value;$ 837.522.000,00;3;7/10/2024;DN3FZ55JJ36SA
128980;62855;4521;income-tax-return-data;tax_report_total_debt_value;$ 19.074.000,00;3;7/10/2024;DN3FZ55JJ36SA
128981;62855;4521;income-tax-return-data;tax_report_total_tax;$ 0,00;3;7/10/2024;DN3FZ55JJ36SA
128982;62855;4521;income-tax-return-data;tax_report_value_to_pay;$ 0,00;3;7/10/2024;DN3FZ55JJ36SA
128983;62855;4521;background-checks-data;public_db_result;found;3;7/10/2024;DN3FZ55JJ36SA
128984;62855;4521;background-checks-data;public_db_check_id;CHK021cc66a541293b5d1a1d677e0c64786;3;7/10/2024;DN3FZ55JJ36SA
128985;62855;4521;background-checks-data;public_db_check_id_date;1/10/2024 15:27;3;7/10/2024;DN3FZ55JJ36SA
128986;62855;4521;background-checks-data;public_db_no_lawsuits;18;3;7/10/2024;DN3FZ55JJ36SA
128987;62855;4521;background-checks-data;public_db_no_lawsuits_defendant;3;3;7/10/2024;DN3FZ55JJ36SA
128988;62855;4521;background-checks-data;public_db_no_lawsuits_defendant_money;1;3;7/10/2024;DN3FZ55JJ36SA
128989;62855;4521;background-checks-data;public_db_tax_responsable;no;3;7/10/2024;DN3FZ55JJ36SA
128990;62855;4521;background-checks-data;public_db_tax_responsable_bdme;;3;7/10/2024;DN3FZ55JJ36SA
128991;62855;4521;background-checks-data;public_db_medical_status;;3;7/10/2024;DN3FZ55JJ36SA
128992;62855;4521;background-checks-data;public_db_medical_regime;;3;7/10/2024;DN3FZ55JJ36SA
128993;62855;4521;background-checks-data;public_db_medical_type;;3;7/10/2024;DN3FZ55JJ36SA
128994;62855;4521;background-checks-data;public_db_pension_status;;3;7/10/2024;DN3FZ55JJ36SA
128995;62855;4521;background-checks-data;public_db_pension_regime;;3;7/10/2024;DN3FZ55JJ36SA
128996;62855;4521;background-checks-data;public_db_ccf_status;;3;7/10/2024;DN3FZ55JJ36SA
128997;62855;4521;background-checks-data;public_db_ccf_type;;3;7/10/2024;DN3FZ55JJ36SA
128998;62855;4521;background-checks-data;public_db_welfare_status;;3;7/10/2024;DN3FZ55JJ36SA
128999;62855;4521;background-checks-data;public_db_police_check_result;no presenta antecedentes;3;7/10/2024;DN3FZ55JJ36SA
129000;62855;4521;background-checks-data;public_db_check_dni;vigente;3;7/10/2024;DN3FZ55JJ36SA
129001;62855;4521;background-checks-data;public_db_check_pedofile;found-none;3;7/10/2024;DN3FZ55JJ36SA
129002;62855;4521;background-checks-data;public_db_personal_identity_score;10;3;7/10/2024;DN3FZ55JJ36SA
129003;62855;4521;background-checks-data;public_db_criminal_record_score;10;3;7/10/2024;DN3FZ55JJ36SA
129004;62855;4521;background-checks-data;public_db_legal_background_score;0;3;7/10/2024;DN3FZ55JJ36SA
129005;62855;4521;background-checks-data;public_db_international_background_score;10;3;7/10/2024;DN3FZ55JJ36SA
129006;62855;4521;background-checks-data;public_db_professional_background_score;10;3;7/10/2024;DN3FZ55JJ36SA
129007;62855;4521;background-checks-data;public_db_affiliations_and_insurances_score;10;3;7/10/2024;DN3FZ55JJ36SA
129008;62855;4521;background-checks-data;public_db_alert_in_media_score;10;3;7/10/2024;DN3FZ55JJ36SA
129009;62855;4521;background-checks-data;public_db_taxes_and_finances_score;10;3;7/10/2024;DN3FZ55JJ36SA
129010;62855;4521;background-checks-data;table data_proceso_judicial;;3;7/10/2024;DN3FZ55JJ36SA
129011;62855;4521;snr-data;snr_result;found;3;7/10/2024;DN3FZ55JJ36SA
129012;62855;4521;snr-data;snr_check_id;F20241001123019U4521S62855;3;7/10/2024;DN3FZ55JJ36SA
129013;62855;4521;snr-data;snr_check_id_date;1/10/2024 12:30;3;7/10/2024;DN3FZ55JJ36SA
129014;62855;4521;snr-data;snr_no_records;5;3;7/10/2024;DN3FZ55JJ36SA
129015;62855;4521;snr-data;snr_no_unique_id_number;5;3;7/10/2024;DN3FZ55JJ36SA
129016;62855;4521;snr-data;snr_estimated_unique_properties;3;3;7/10/2024;DN3FZ55JJ36SA
